window_index,udp_pkt_count,udp_pkt_rate,avg_pkt_len,std_pkt_len,unique_src_ips,unique_dst_ports,entropy_src_ip,burst_100ms_max,pps_change,is_udp_flood,score_udp,severity_udp,rank_by_score
0,110,110.0,98.49090909090908,22.920314710890885,3,20,1.3554121566517394,46,0.0,True,275.0,Critical,39
1,146,146.0,107.4931506849315,48.75494306872718,3,28,1.4997819526377416,42,36.0,True,365.0,Critical,22
6,12,12.0,111.66666666666667,42.081930669693485,3,3,1.4591479170272448,10,-134.0,False,0.0,Normal,57
11,8,8.0,102.0,22.282279955157193,2,3,1.0,8,-4.0,False,0.0,Normal,57
16,12,12.0,111.66666666666667,42.081930669693485,3,3,1.4591479170272448,10,4.0,False,0.0,Normal,57
30,16,16.0,121.5,42.22558466143482,4,3,1.811278124459133,12,4.0,False,0.0,Normal,57
31,12,12.0,101.33333333333333,32.00347203386255,3,3,1.4591479170272448,10,-4.0,False,0.0,Normal,57
43,6,6.0,109.33333333333333,31.584102892999123,2,2,0.9182958340544896,6,-6.0,False,0.0,Normal,57
44,3,3.0,216.66666666666666,88.62404990871396,2,2,0.9182958340544896,2,-3.0,False,0.0,Normal,57
47,1,1.0,342.0,0.0,1,1,0.0,1,-2.0,False,0.0,Normal,57
52,1,1.0,342.0,0.0,1,1,0.0,1,0.0,False,0.0,Normal,57
57,1,1.0,342.0,0.0,1,1,0.0,1,0.0,False,0.0,Normal,57
61,12,12.0,101.33333333333333,32.00347203386255,3,3,1.4591479170272448,10,11.0,False,0.0,Normal,57
64,4,4.0,120.5,33.5,2,2,1.0,4,-8.0,False,0.0,Normal,57
67,1,1.0,342.0,0.0,1,1,0.0,1,-3.0,False,0.0,Normal,57
72,16,16.0,146.0,107.4197374787334,3,4,1.4056390622295665,12,15.0,False,0.0,Normal,57
82,1,1.0,342.0,0.0,1,1,0.0,1,-15.0,False,0.0,Normal,57
89,1,1.0,342.0,0.0,1,1,0.0,1,0.0,False,0.0,Normal,57
91,1,1.0,342.0,0.0,1,1,0.0,1,0.0,False,0.0,Normal,57
92,16,16.0,96.5,17.406895185529212,3,4,1.4056390622295665,14,15.0,False,0.0,Normal,57
98,1,1.0,342.0,0.0,1,1,0.0,1,-15.0,False,0.0,Normal,57
114,1,1.0,342.0,0.0,1,1,0.0,1,0.0,False,0.0,Normal,57
120,3,3.0,160.0,0.0,1,1,0.0,3,2.0,False,0.0,Normal,57
121,12,12.0,108.83333333333333,35.64368418418924,2,4,1.0,10,9.0,False,0.0,Normal,57
133,1,1.0,342.0,0.0,1,1,0.0,1,-11.0,False,0.0,Normal,57
134,1,1.0,342.0,0.0,1,1,0.0,1,0.0,False,0.0,Normal,57
137,1,1.0,342.0,0.0,1,1,0.0,1,0.0,False,0.0,Normal,57
140,1,1.0,342.0,0.0,1,1,0.0,1,0.0,False,0.0,Normal,57
141,8,8.0,89.0,14.0,3,2,1.5,6,7.0,False,0.0,Normal,57
148,1,1.0,342.0,0.0,1,1,0.0,1,-7.0,False,0.0,Normal,57
168,1,1.0,342.0,0.0,1,1,0.0,1,0.0,False,0.0,Normal,57
179,1,1.0,342.0,0.0,1,1,0.0,1,0.0,False,0.0,Normal,57
181,1,1.0,342.0,0.0,1,1,0.0,1,0.0,False,0.0,Normal,57
190,1,1.0,342.0,0.0,1,1,0.0,1,0.0,False,0.0,Normal,57
191,4,4.0,109.0,35.0,2,2,1.0,4,3.0,False,0.0,Normal,57
206,1,1.0,342.0,0.0,1,1,0.0,1,-3.0,False,0.0,Normal,57
209,12,12.0,203.0,128.0,3,3,1.4591479170272448,10,11.0,False,0.0,Normal,57
218,1,1.0,342.0,0.0,1,1,0.0,1,-11.0,False,0.0,Normal,57
226,4,4.0,90.0,0.0,2,2,1.0,2,3.0,False,0.0,Normal,57
239,16,16.0,108.125,39.04624661859319,3,2,1.2987949406953985,12,12.0,False,0.0,Normal,57
240,260,260.0,111.23076923076923,45.33983449149297,4,3,1.1145020974334985,98,244.0,True,650.0,Critical,2
241,124,124.0,116.37096774193549,42.30199944598354,2,2,1.0,90,-136.0,True,310.0,Critical,32
242,40,40.0,113.3,34.57614784790232,3,2,1.2344977967946407,20,-84.0,False,0.0,Normal,57
243,56,56.0,107.60714285714286,36.164642643762164,2,2,1.0,18,16.0,False,0.0,Normal,57
244,64,64.0,124.34375,50.79653616082006,2,2,0.9971803988942642,28,8.0,False,0.0,Normal,57
245,82,82.0,129.53658536585365,52.44653377882512,2,2,0.9995708393473224,36,18.0,False,0.0,Normal,57
246,22,22.0,149.1818181818182,50.09231148012126,3,2,1.3221793455166666,10,-60.0,False,0.0,Normal,57
250,8,8.0,141.0,61.59139550294343,2,2,1.0,4,-14.0,False,0.0,Normal,57
254,30,30.0,97.66666666666667,22.860932225572565,2,8,0.9967916319816366,16,22.0,False,0.0,Normal,57
255,126,126.0,112.01587301587301,56.87956981494395,2,33,0.999818246960343,56,96.0,True,315.0,Critical,31
256,28,28.0,108.21428571428571,22.084831806431474,2,8,1.0,20,-98.0,False,0.0,Normal,57
257,76,76.0,97.60526315789474,45.03363624394327,2,20,1.0,44,48.0,True,190.0,High,50
259,8,8.0,108.5,32.13642792844283,2,3,1.0,8,-68.0,False,0.0,Normal,57
260,8,8.0,141.0,61.59139550294343,2,2,1.0,4,0.0,False,0.0,Normal,57
262,20,20.0,75.2,13.717142559585795,1,2,0.0,10,12.0,False,0.0,Normal,57
263,4,4.0,92.0,0.0,1,1,0.0,4,-16.0,False,0.0,Normal,57
268,28,28.0,95.71428571428571,15.772619002692027,3,6,1.4315602842833157,16,24.0,False,0.0,Normal,57
275,12,12.0,136.83333333333334,57.31031514677112,3,2,1.4591479170272446,12,-16.0,False,0.0,Normal,57
317,32,32.0,115.3125,45.41574444782338,3,7,1.4056390622295665,16,20.0,False,0.0,Normal,57
330,12,12.0,114.5,43.246387132337425,3,2,1.4591479170272448,6,-20.0,False,0.0,Normal,57
332,64,64.0,109.03125,40.91949747293459,2,2,1.0,26,52.0,False,0.0,Normal,57
364,4,4.0,109.0,35.0,2,2,1.0,4,-60.0,False,0.0,Normal,57
374,4,4.0,243.0,0.0,1,1,0.0,4,0.0,False,0.0,Normal,57
403,52,52.0,97.84615384615384,24.43467320096321,3,8,1.497863726042463,40,48.0,False,0.0,Normal,57
404,56,56.0,109.17857142857143,25.37582309914663,3,10,1.4701429793353156,18,4.0,False,0.0,Normal,57
405,220,220.0,95.71818181818182,25.31874326127935,3,38,1.4075776118901313,72,164.0,True,550.0,Critical,5
406,108,108.0,110.85185185185185,50.275318813069994,3,23,1.5177861951681697,64,-112.0,True,270.0,Critical,40
415,66,66.0,127.81818181818181,29.84348519887426,3,11,1.4620933843749282,46,-42.0,True,165.0,High,53
416,2,2.0,93.0,0.0,1,1,0.0,2,-64.0,False,0.0,Normal,57
425,4,4.0,92.0,8.0,2,2,1.0,4,2.0,False,0.0,Normal,57
445,24,24.0,146.83333333333334,20.169421299471026,3,4,1.5,20,20.0,False,0.0,Normal,57
455,4,4.0,92.0,8.0,2,2,1.0,4,-20.0,False,0.0,Normal,57
476,8,8.0,95.0,8.0,3,2,1.5,8,4.0,False,0.0,Normal,57
524,1,1.0,342.0,0.0,1,1,0.0,1,-7.0,False,0.0,Normal,57
527,1,1.0,342.0,0.0,1,1,0.0,1,0.0,False,0.0,Normal,57
530,1,1.0,342.0,0.0,1,1,0.0,1,0.0,False,0.0,Normal,57
531,12,12.0,113.83333333333333,32.91613923628077,2,4,1.0,12,11.0,False,0.0,Normal,57
537,1,1.0,342.0,0.0,1,1,0.0,1,-11.0,False,0.0,Normal,57
544,1,1.0,342.0,0.0,1,1,0.0,1,0.0,False,0.0,Normal,57
554,4,4.0,84.0,8.0,2,2,1.0,4,3.0,False,0.0,Normal,57
560,1,1.0,342.0,0.0,1,1,0.0,1,-3.0,False,0.0,Normal,57
569,1,1.0,342.0,0.0,1,1,0.0,1,0.0,False,0.0,Normal,57
571,1,1.0,342.0,0.0,1,1,0.0,1,0.0,False,0.0,Normal,57
578,24,24.0,102.33333333333333,22.440043572942443,2,7,1.0,18,23.0,False,0.0,Normal,57
579,66,66.0,105.33333333333333,24.5858627358213,2,16,0.9940302114769565,26,42.0,False,0.0,Normal,57
580,139,139.0,103.94244604316546,49.173422338906505,3,38,1.0530086124249143,42,73.0,True,347.5,Critical,25
591,1,1.0,342.0,0.0,1,1,0.0,1,-138.0,False,0.0,Normal,57
605,1,1.0,342.0,0.0,1,1,0.0,1,0.0,False,0.0,Normal,57
614,1,1.0,342.0,0.0,1,1,0.0,1,0.0,False,0.0,Normal,57
615,2,2.0,460.0,0.0,1,1,0.0,2,1.0,False,0.0,Normal,57
616,1,1.0,342.0,0.0,1,1,0.0,1,-1.0,False,0.0,Normal,57
621,1,1.0,342.0,0.0,1,1,0.0,1,0.0,False,0.0,Normal,57
630,6,6.0,166.0,1.0,1,1,0.0,6,5.0,False,0.0,Normal,57
633,6,6.0,166.0,1.0,1,1,0.0,6,0.0,False,0.0,Normal,57
635,1,1.0,342.0,0.0,1,1,0.0,1,-5.0,False,0.0,Normal,57
636,6,6.0,166.0,1.0,1,1,0.0,6,5.0,False,0.0,Normal,57
652,9,9.0,111.77777777777777,81.74455847031149,3,4,1.3921472236645345,6,3.0,False,0.0,Normal,57
659,1,1.0,342.0,0.0,1,1,0.0,1,-8.0,False,0.0,Normal,57
662,1,1.0,342.0,0.0,1,1,0.0,1,0.0,False,0.0,Normal,57
666,1,1.0,342.0,0.0,1,1,0.0,1,0.0,False,0.0,Normal,57
671,1,1.0,342.0,0.0,1,1,0.0,1,0.0,False,0.0,Normal,57
680,1,1.0,342.0,0.0,1,1,0.0,1,0.0,False,0.0,Normal,57
688,1,1.0,342.0,0.0,1,1,0.0,1,0.0,False,0.0,Normal,57
698,1,1.0,342.0,0.0,1,1,0.0,1,0.0,False,0.0,Normal,57
704,4,4.0,84.0,8.0,2,2,1.0,4,3.0,False,0.0,Normal,57
721,12,12.0,85.0,10.770329614269007,2,4,1.0,8,8.0,False,0.0,Normal,57
735,4,4.0,109.0,35.0,2,2,1.0,2,-8.0,False,0.0,Normal,57
740,28,28.0,102.85714285714286,21.675717628117358,2,8,1.0,24,24.0,False,0.0,Normal,57
747,12,12.0,109.33333333333333,22.565952721350417,2,4,1.0,8,-16.0,False,0.0,Normal,57
748,76,76.0,100.26315789473684,43.68167399103748,2,20,1.0,34,64.0,False,0.0,Normal,57
758,4,4.0,112.0,27.0,2,2,1.0,2,-72.0,False,0.0,Normal,57
774,8,8.0,108.5,32.13642792844283,2,3,1.0,6,4.0,False,0.0,Normal,57
791,2,2.0,459.0,0.0,1,1,0.0,2,-6.0,False,0.0,Normal,57
808,56,56.0,107.5,35.262788966760496,3,11,1.4097590668037259,24,54.0,False,0.0,Normal,57
809,24,24.0,144.66666666666666,57.85086189696937,3,6,1.4833557549816874,24,-32.0,False,0.0,Normal,57
810,36,36.0,98.66666666666667,20.572365498945967,3,8,1.3821022532543101,16,12.0,False,0.0,Normal,57
811,284,284.0,107.83098591549296,39.77878474676394,3,51,1.438032183927762,64,248.0,True,710.0,Critical,1
812,196,196.0,134.1326530612245,75.97094473535046,3,35,1.4443233349490396,48,-88.0,True,490.0,Critical,6
817,12,12.0,111.66666666666667,42.081930669693485,3,3,1.4591479170272448,10,-184.0,False,0.0,Normal,57
819,8,8.0,203.0,128.0,2,3,1.0,6,-4.0,False,0.0,Normal,57
827,16,16.0,98.5,28.429737951659,3,4,1.4056390622295665,10,8.0,False,0.0,Normal,57
832,4,4.0,90.0,8.0,2,2,1.0,4,-12.0,False,0.0,Normal,57
838,16,16.0,121.625,42.28160799922349,3,2,1.4056390622295665,16,12.0,False,0.0,Normal,57
842,8,8.0,106.5,37.73923687622737,2,3,1.0,8,-8.0,False,0.0,Normal,57
864,16,16.0,71.0,12.12435565298214,1,2,0.0,10,8.0,False,0.0,Normal,57
865,8,8.0,92.0,0.0,1,1,0.0,4,-8.0,False,0.0,Normal,57
868,16,16.0,119.5,51.6817182376902,3,4,1.4056390622295665,14,8.0,False,0.0,Normal,57
872,12,12.0,101.33333333333333,32.00347203386255,3,3,1.4591479170272448,6,-4.0,False,0.0,Normal,57
903,8,8.0,107.25,22.796655456447994,2,3,1.0,8,-4.0,False,0.0,Normal,57
904,148,148.0,98.14864864864865,25.145351745204636,2,36,0.9978913098356861,36,140.0,True,370.0,Critical,21
905,96,96.0,107.3125,44.13103417192184,2,27,0.9949848281859701,50,-52.0,True,240.0,High,44
932,20,20.0,107.8,35.82680560697534,3,5,1.3609640474436813,12,-76.0,False,0.0,Normal,57
940,4,4.0,112.5,27.5,2,2,1.0,4,-16.0,False,0.0,Normal,57
954,8,8.0,102.0,22.282279955157193,2,3,1.0,8,4.0,False,0.0,Normal,57
1004,1,1.0,342.0,0.0,1,1,0.0,1,-7.0,False,0.0,Normal,57
1007,1,1.0,342.0,0.0,1,1,0.0,1,0.0,False,0.0,Normal,57
1015,1,1.0,342.0,0.0,1,1,0.0,1,0.0,False,0.0,Normal,57
1023,1,1.0,342.0,0.0,1,1,0.0,1,0.0,False,0.0,Normal,57
1035,1,1.0,342.0,0.0,1,1,0.0,1,0.0,False,0.0,Normal,57
1039,24,24.0,104.33333333333333,22.852182001336814,3,6,1.3250112108241772,22,23.0,False,0.0,Normal,57
1040,148,148.0,115.9054054054054,55.87369175417937,3,28,1.4209260948781606,72,124.0,True,370.0,Critical,21
1041,20,20.0,108.5,22.68149025086315,2,6,1.0,10,-128.0,False,0.0,Normal,57
1042,150,150.0,108.72,42.82602324132685,3,32,1.345092719382347,42,130.0,True,375.0,Critical,20
1049,1,1.0,342.0,0.0,1,1,0.0,1,-149.0,False,0.0,Normal,57
1052,1,1.0,342.0,0.0,1,1,0.0,1,0.0,False,0.0,Normal,57
1058,12,12.0,101.33333333333333,32.00347203386255,3,3,1.4591479170272448,10,11.0,False,0.0,Normal,57
1060,1,1.0,342.0,0.0,1,1,0.0,1,-11.0,False,0.0,Normal,57
1064,8,8.0,105.5,23.58495283014151,2,3,1.0,6,7.0,False,0.0,Normal,57
1065,58,58.0,104.72413793103448,24.497567158202266,2,15,0.9991421039919088,24,50.0,False,0.0,Normal,57
1066,58,58.0,92.0,19.891082736085362,2,16,0.9991421039919088,34,0.0,False,0.0,Normal,57
1073,12,12.0,101.33333333333333,32.00347203386255,3,3,1.4591479170272448,10,-46.0,False,0.0,Normal,57
1075,1,1.0,342.0,0.0,1,1,0.0,1,-11.0,False,0.0,Normal,57
1085,1,1.0,342.0,0.0,1,1,0.0,1,0.0,False,0.0,Normal,57
1094,1,1.0,342.0,0.0,1,1,0.0,1,0.0,False,0.0,Normal,57
1096,5,5.0,262.8,39.6,2,2,0.7219280948873623,4,4.0,False,0.0,Normal,57
1102,6,6.0,109.0,43.289721643826724,2,2,0.9182958340544896,6,1.0,False,0.0,Normal,57
1103,7,7.0,129.14285714285714,87.17868116104758,4,3,1.950212064914747,6,1.0,False,0.0,Normal,57
1108,14,14.0,110.28571428571429,31.68917925148351,2,4,0.9852281360342515,14,7.0,False,0.0,Normal,57
1109,3,3.0,184.0,111.72287142747452,2,2,0.9182958340544896,2,-11.0,False,0.0,Normal,57
1121,1,1.0,342.0,0.0,1,1,0.0,1,-2.0,False,0.0,Normal,57
1131,8,8.0,81.0,8.0,2,3,1.0,8,7.0,False,0.0,Normal,57
1133,1,1.0,342.0,0.0,1,1,0.0,1,-7.0,False,0.0,Normal,57
1139,1,1.0,342.0,0.0,1,1,0.0,1,0.0,False,0.0,Normal,57
1141,5,5.0,155.6,98.31703819786273,3,3,1.5219280948873621,3,4.0,False,0.0,Normal,57
1147,1,1.0,342.0,0.0,1,1,0.0,1,-4.0,False,0.0,Normal,57
1155,1,1.0,342.0,0.0,1,1,0.0,1,0.0,False,0.0,Normal,57
1156,2,2.0,85.0,0.0,1,1,0.0,2,1.0,False,0.0,Normal,57
1163,12,12.0,101.33333333333333,32.00347203386255,3,3,1.4591479170272448,10,10.0,False,0.0,Normal,57
1171,1,1.0,342.0,0.0,1,1,0.0,1,-11.0,False,0.0,Normal,57
1181,1,1.0,342.0,0.0,1,1,0.0,1,0.0,False,0.0,Normal,57
1227,114,114.0,103.87719298245614,34.11850872671148,2,27,0.9944423248022587,38,113.0,True,285.0,Critical,37
1228,118,118.0,113.49152542372882,56.98211818271006,2,33,0.9948131754904235,40,4.0,True,295.0,Critical,35
1230,4,4.0,124.0,39.0,2,2,1.0,4,-114.0,False,0.0,Normal,57
1234,8,8.0,106.5,37.73923687622737,2,3,1.0,8,4.0,False,0.0,Normal,57
1238,4,4.0,112.0,27.0,2,2,1.0,2,-4.0,False,0.0,Normal,57
1243,14,14.0,96.85714285714286,20.33595388488485,2,4,0.9852281360342515,8,10.0,False,0.0,Normal,57
1244,6,6.0,117.33333333333333,37.80946383586463,2,3,0.9182958340544896,6,-8.0,False,0.0,Normal,57
1259,8,8.0,106.5,37.73923687622737,2,3,1.0,8,2.0,False,0.0,Normal,57
1271,76,76.0,94.52631578947368,19.964095194947067,3,15,1.4157371940048646,48,68.0,True,190.0,High,50
1272,26,26.0,101.76923076923077,23.661568470522134,2,7,0.9957274520849255,16,-50.0,False,0.0,Normal,57
1273,136,136.0,108.29411764705883,55.892243706746946,3,32,1.2152759335052195,42,110.0,True,340.0,Critical,26
1274,2,2.0,139.0,0.0,1,1,0.0,2,-134.0,False,0.0,Normal,57
1283,4,4.0,112.0,27.0,2,2,1.0,4,2.0,False,0.0,Normal,57
1289,8,8.0,106.5,37.73923687622737,2,3,1.0,8,4.0,False,0.0,Normal,57
1298,12,12.0,165.0,117.79643458101778,2,4,1.0,12,4.0,False,0.0,Normal,57
1348,6,6.0,109.0,43.289721643826724,2,2,0.9182958340544896,6,-6.0,False,0.0,Normal,57
1349,2,2.0,99.0,0.0,1,1,0.0,2,-4.0,False,0.0,Normal,57
1367,16,16.0,174.5,121.54731588973901,2,5,1.0,14,14.0,False,0.0,Normal,57
1379,4,4.0,84.0,8.0,2,2,1.0,4,-12.0,False,0.0,Normal,57
1388,4,4.0,117.0,28.0,2,2,1.0,4,0.0,False,0.0,Normal,57
1389,70,70.0,112.0,59.19604233875292,2,17,0.9946937953613058,36,66.0,False,0.0,Normal,57
1390,62,62.0,112.0,35.64972967367988,2,18,0.9932338197397066,32,-8.0,False,0.0,Normal,57
1392,8,8.0,124.0,39.0,2,3,1.0,4,-54.0,False,0.0,Normal,57
1466,16,16.0,71.0,12.12435565298214,1,2,0.0,10,8.0,False,0.0,Normal,57
1467,4,4.0,92.0,0.0,1,1,0.0,4,-12.0,False,0.0,Normal,57
1468,4,4.0,92.0,0.0,1,1,0.0,4,0.0,False,0.0,Normal,57
1484,1,1.0,342.0,0.0,1,1,0.0,1,-3.0,False,0.0,Normal,57
1486,1,1.0,342.0,0.0,1,1,0.0,1,0.0,False,0.0,Normal,57
1492,1,1.0,342.0,0.0,1,1,0.0,1,0.0,False,0.0,Normal,57
1502,36,36.0,98.55555555555556,24.984933731756165,3,7,1.4591479170272448,20,35.0,False,0.0,Normal,57
1503,12,12.0,104.83333333333333,19.480046771561458,3,3,1.4591479170272448,6,-24.0,False,0.0,Normal,57
1504,144,144.0,94.72222222222223,22.651479116667844,3,26,1.4439881597575674,54,132.0,True,360.0,Critical,23
1505,1,1.0,342.0,0.0,1,1,0.0,1,-143.0,False,0.0,Normal,57
1521,1,1.0,342.0,0.0,1,1,0.0,1,0.0,False,0.0,Normal,57
1529,1,1.0,342.0,0.0,1,1,0.0,1,0.0,False,0.0,Normal,57
1532,1,1.0,342.0,0.0,1,1,0.0,1,0.0,False,0.0,Normal,57
1534,1,1.0,342.0,0.0,1,1,0.0,1,0.0,False,0.0,Normal,57
1542,1,1.0,342.0,0.0,1,1,0.0,1,0.0,False,0.0,Normal,57
1548,4,4.0,109.0,35.0,2,2,1.0,4,3.0,False,0.0,Normal,57
1550,8,8.0,105.5,23.58495283014151,2,3,1.0,8,4.0,False,0.0,Normal,57
1551,32,32.0,108.875,25.034663468878506,2,9,1.0,12,24.0,False,0.0,Normal,57
1552,56,56.0,97.85714285714286,21.73823866848838,2,15,1.0,30,24.0,False,0.0,Normal,57
1553,36,36.0,111.22222222222223,60.25368181978182,2,10,1.0,18,-20.0,False,0.0,Normal,57
1554,8,8.0,108.5,32.13642792844283,2,3,1.0,8,-28.0,False,0.0,Normal,57
1558,1,1.0,342.0,0.0,1,1,0.0,1,-7.0,False,0.0,Normal,57
1563,4,4.0,112.0,27.0,2,2,1.0,4,3.0,False,0.0,Normal,57
1573,1,1.0,342.0,0.0,1,1,0.0,1,-3.0,False,0.0,Normal,57
1574,1,1.0,342.0,0.0,1,1,0.0,1,0.0,False,0.0,Normal,57
1577,1,1.0,342.0,0.0,1,1,0.0,1,0.0,False,0.0,Normal,57
1582,1,1.0,342.0,0.0,1,1,0.0,1,0.0,False,0.0,Normal,57
1591,1,1.0,342.0,0.0,1,1,0.0,1,0.0,False,0.0,Normal,57
1602,1,1.0,342.0,0.0,1,1,0.0,1,0.0,False,0.0,Normal,57
1618,1,1.0,342.0,0.0,1,1,0.0,1,0.0,False,0.0,Normal,57
1619,1,1.0,342.0,0.0,1,1,0.0,1,0.0,False,0.0,Normal,57
1622,1,1.0,342.0,0.0,1,1,0.0,1,0.0,False,0.0,Normal,57
1625,1,1.0,342.0,0.0,1,1,0.0,1,0.0,False,0.0,Normal,57
1631,1,1.0,342.0,0.0,1,1,0.0,1,0.0,False,0.0,Normal,57
1643,1,1.0,342.0,0.0,1,1,0.0,1,0.0,False,0.0,Normal,57
1662,1,1.0,342.0,0.0,1,1,0.0,1,0.0,False,0.0,Normal,57
1712,28,28.0,95.78571428571429,18.470743551544935,3,6,1.4315602842833157,18,27.0,False,0.0,Normal,57
1713,84,84.0,113.11904761904762,42.56267221121857,2,22,1.0,34,56.0,False,0.0,Normal,57
1714,8,8.0,77.0,8.0,2,3,1.0,6,-76.0,False,0.0,Normal,57
1715,48,48.0,97.33333333333333,20.501354968771103,2,13,1.0,16,40.0,False,0.0,Normal,57
1716,84,84.0,112.0952380952381,38.66757564026599,2,22,1.0,18,36.0,False,0.0,Normal,57
1717,40,40.0,105.35,36.59272468674614,2,10,0.9927744539878083,16,-44.0,False,0.0,Normal,57
1718,28,28.0,97.85714285714286,30.08525301505028,2,9,0.9852281360342515,14,-12.0,False,0.0,Normal,57
1719,6,6.0,111.0,36.76955262170047,2,2,0.9182958340544896,4,-22.0,False,0.0,Normal,57
1720,2,2.0,163.0,0.0,1,1,0.0,2,-4.0,False,0.0,Normal,57
1733,40,40.0,103.1,25.434032318922615,3,7,1.4854752972273344,28,38.0,False,0.0,Normal,57
1734,44,44.0,108.45454545454545,24.26881139676128,3,8,1.47283015230032,22,4.0,False,0.0,Normal,57
1735,24,24.0,100.91666666666667,23.08122734075369,2,7,1.0,10,-20.0,False,0.0,Normal,57
1736,24,24.0,89.91666666666667,16.590450733947996,3,6,1.3250112108241772,22,0.0,False,0.0,Normal,57
1772,2,2.0,90.0,0.0,1,1,0.0,2,-22.0,False,0.0,Normal,57
1773,22,22.0,160.63636363636363,82.56377449889348,2,7,0.9940302114769565,8,20.0,False,0.0,Normal,57
1818,4,4.0,243.0,0.0,1,1,0.0,4,-18.0,False,0.0,Normal,57
1832,6,6.0,166.0,1.0,1,1,0.0,6,2.0,False,0.0,Normal,57
1835,6,6.0,166.0,1.0,1,1,0.0,6,0.0,False,0.0,Normal,57
1836,4,4.0,90.0,0.0,2,2,1.0,2,-2.0,False,0.0,Normal,57
1838,6,6.0,166.0,1.0,1,1,0.0,6,2.0,False,0.0,Normal,57
1871,4,4.0,112.5,27.5,2,2,1.0,4,-2.0,False,0.0,Normal,57
1874,38,38.0,98.6842105263158,21.31234540077639,2,10,0.9980008838722996,20,34.0,False,0.0,Normal,57
1875,134,134.0,107.2089552238806,41.01966667505142,2,34,0.9998393017810485,28,96.0,True,335.0,Critical,27
1876,96,96.0,102.5,31.63331577098213,2,26,0.9987472979361685,28,-38.0,False,0.0,Normal,57
1878,16,16.0,108.5,32.13642792844283,2,5,1.0,4,-80.0,False,0.0,Normal,57
1907,8,8.0,106.5,37.73923687622737,2,3,1.0,4,-8.0,False,0.0,Normal,57
1937,8,8.0,106.5,37.73923687622737,2,3,1.0,6,0.0,False,0.0,Normal,57
1943,12,12.0,99.5,22.81629534638201,2,4,1.0,12,4.0,False,0.0,Normal,57
1944,12,12.0,96.0,18.375708603116962,2,4,1.0,12,0.0,False,0.0,Normal,57
1955,4,4.0,109.0,35.0,2,2,1.0,2,-8.0,False,0.0,Normal,57
1964,1,1.0,342.0,0.0,1,1,0.0,1,-3.0,False,0.0,Normal,57
1965,74,74.0,101.70270270270271,20.889496733441884,3,16,1.315700144231129,46,73.0,True,185.0,High,51
1966,99,99.0,106.14141414141415,37.79637364386254,3,27,1.0710635945912084,44,25.0,True,247.5,High,42
1967,168,168.0,108.42857142857143,52.00693308045932,3,35,1.321429261956082,42,69.0,True,420.0,Critical,13
1968,60,60.0,120.16666666666667,57.665173391070475,3,16,1.1766796675107107,20,-108.0,False,0.0,Normal,57
1969,12,12.0,114.83333333333333,35.291248521725926,2,4,1.0,10,-48.0,False,0.0,Normal,57
1970,8,8.0,108.5,32.13642792844283,2,3,1.0,6,-4.0,False,0.0,Normal,57
1971,1,1.0,342.0,0.0,1,1,0.0,1,-7.0,False,0.0,Normal,57
1972,12,12.0,113.0,35.156791662493895,2,4,1.0,8,11.0,False,0.0,Normal,57
1973,12,12.0,103.33333333333333,27.62647683332463,3,3,1.4591479170272448,8,0.0,False,0.0,Normal,57
1977,8,8.0,112.0,27.0,3,2,1.5,6,-4.0,False,0.0,Normal,57
1978,1,1.0,342.0,0.0,1,1,0.0,1,-7.0,False,0.0,Normal,57
1992,1,1.0,342.0,0.0,1,1,0.0,1,0.0,False,0.0,Normal,57
1996,2,2.0,74.0,0.0,1,1,0.0,2,1.0,False,0.0,Normal,57
1997,6,6.0,117.33333333333333,37.80946383586463,2,3,0.9182958340544896,4,4.0,False,0.0,Normal,57
2009,1,1.0,342.0,0.0,1,1,0.0,1,-5.0,False,0.0,Normal,57
2012,1,1.0,342.0,0.0,1,1,0.0,1,0.0,False,0.0,Normal,57
2015,1,1.0,342.0,0.0,1,1,0.0,1,0.0,False,0.0,Normal,57
2020,1,1.0,342.0,0.0,1,1,0.0,1,0.0,False,0.0,Normal,57
2022,12,12.0,135.83333333333334,54.538722227626685,2,4,1.0,10,11.0,False,0.0,Normal,57
2026,23,23.0,103.73913043478261,52.83873529022002,3,7,1.2088301752949477,12,11.0,False,0.0,Normal,57
2027,2,2.0,105.0,0.0,1,1,0.0,2,-21.0,False,0.0,Normal,57
2036,20,20.0,95.4,25.749563103089734,2,6,1.0,16,18.0,False,0.0,Normal,57
2037,20,20.0,107.0,21.335416564951338,2,6,1.0,10,0.0,False,0.0,Normal,57
2038,56,56.0,115.96428571428571,61.921310745895845,2,15,1.0,28,36.0,False,0.0,Normal,57
2044,1,1.0,342.0,0.0,1,1,0.0,1,-55.0,False,0.0,Normal,57
2054,1,1.0,342.0,0.0,1,1,0.0,1,0.0,False,0.0,Normal,57
2057,1,1.0,342.0,0.0,1,1,0.0,1,0.0,False,0.0,Normal,57
2065,1,1.0,342.0,0.0,1,1,0.0,1,0.0,False,0.0,Normal,57
2078,1,1.0,342.0,0.0,1,1,0.0,1,0.0,False,0.0,Normal,57
2093,12,12.0,150.66666666666666,63.83746722906715,3,2,1.4591479170272448,10,11.0,False,0.0,Normal,57
2099,2,2.0,342.0,0.0,1,1,0.0,1,-10.0,False,0.0,Normal,57
2102,1,1.0,342.0,0.0,1,1,0.0,1,-1.0,False,0.0,Normal,57
2105,1,1.0,342.0,0.0,1,1,0.0,1,0.0,False,0.0,Normal,57
2109,1,1.0,342.0,0.0,1,1,0.0,1,0.0,False,0.0,Normal,57
2119,1,1.0,342.0,0.0,1,1,0.0,1,0.0,False,0.0,Normal,57
2134,1,1.0,342.0,0.0,1,1,0.0,1,0.0,False,0.0,Normal,57
2145,20,20.0,80.9,27.09409529768433,2,4,0.4689955935892812,14,19.0,False,0.0,Normal,57
2146,8,8.0,92.0,0.0,1,1,0.0,4,-12.0,False,0.0,Normal,57
2162,16,16.0,71.0,12.12435565298214,1,2,0.0,10,8.0,False,0.0,Normal,57
2163,4,4.0,92.0,0.0,1,1,0.0,4,-12.0,False,0.0,Normal,57
2164,4,4.0,92.0,0.0,1,1,0.0,4,0.0,False,0.0,Normal,57
2196,78,78.0,100.97435897435898,30.884804312308642,3,16,1.3612504026603247,52,74.0,True,195.0,High,49
2197,50,50.0,122.72,50.077955229821434,3,11,1.4041074513870861,30,-28.0,False,0.0,Normal,57
2198,24,24.0,103.08333333333333,20.25034293262435,4,7,1.650022421648354,10,-26.0,False,0.0,Normal,57
2199,78,78.0,99.76923076923077,26.678966591355127,4,20,1.9168716514161313,28,54.0,False,0.0,Normal,57
2200,118,118.0,104.98305084745763,52.04284138904094,4,31,1.7902296678679717,70,40.0,True,295.0,Critical,35
2204,2,2.0,74.0,0.0,1,1,0.0,2,-116.0,False,0.0,Normal,57
2205,10,10.0,106.8,32.4,3,3,1.5219280948873621,10,8.0,False,0.0,Normal,57
2210,16,16.0,104.0,31.17290490153268,3,4,1.4056390622295665,10,6.0,False,0.0,Normal,57
2224,10,10.0,75.2,13.717142559585797,1,2,0.0,10,-6.0,False,0.0,Normal,57
2225,10,10.0,75.2,13.717142559585797,1,2,0.0,6,0.0,False,0.0,Normal,57
2226,4,4.0,92.0,0.0,1,1,0.0,4,-6.0,False,0.0,Normal,57
2230,12,12.0,101.33333333333333,32.00347203386255,3,3,1.4591479170272448,10,8.0,False,0.0,Normal,57
2256,28,28.0,146.5,78.27949010710641,3,7,1.2958363892911637,10,16.0,False,0.0,Normal,57
2259,10,10.0,101.8,35.03940638766588,2,3,0.9709505944546686,10,-18.0,False,0.0,Normal,57
2260,2,2.0,99.0,0.0,1,1,0.0,2,-8.0,False,0.0,Normal,57
2274,4,4.0,90.0,0.0,2,2,1.0,4,2.0,False,0.0,Normal,57
2277,8,8.0,95.0,8.0,3,2,1.5,8,4.0,False,0.0,Normal,57
2286,4,4.0,118.0,38.0,2,2,1.0,4,-4.0,False,0.0,Normal,57
2319,12,12.0,111.66666666666667,42.081930669693485,3,3,1.4591479170272448,8,8.0,False,0.0,Normal,57
2361,16,16.0,107.375,24.82406846187788,2,5,1.0,6,4.0,False,0.0,Normal,57
2362,32,32.0,88.625,20.005858516944482,2,9,1.0,16,16.0,False,0.0,Normal,57
2427,52,52.0,109.26923076923077,28.727576797200513,3,9,1.480618302361438,26,20.0,False,0.0,Normal,57
2428,184,184.0,111.1195652173913,50.950069844920414,3,35,1.414027862689752,64,132.0,True,460.0,Critical,9
2429,32,32.0,104.6875,22.82191586501887,2,9,1.0,16,-152.0,False,0.0,Normal,57
2430,32,32.0,105.1875,37.01050315451007,3,8,1.271782221599798,26,0.0,False,0.0,Normal,57
2440,4,4.0,112.0,27.0,2,2,1.0,2,-28.0,False,0.0,Normal,57
2444,1,1.0,342.0,0.0,1,1,0.0,1,-3.0,False,0.0,Normal,57
2447,1,1.0,342.0,0.0,1,1,0.0,1,0.0,False,0.0,Normal,57
2452,1,1.0,342.0,0.0,1,1,0.0,1,0.0,False,0.0,Normal,57
2458,1,1.0,342.0,0.0,1,1,0.0,1,0.0,False,0.0,Normal,57
2478,1,1.0,342.0,0.0,1,1,0.0,1,0.0,False,0.0,Normal,57
2489,1,1.0,342.0,0.0,1,1,0.0,1,0.0,False,0.0,Normal,57
2492,1,1.0,342.0,0.0,1,1,0.0,1,0.0,False,0.0,Normal,57
2499,1,1.0,342.0,0.0,1,1,0.0,1,0.0,False,0.0,Normal,57
2512,1,1.0,342.0,0.0,1,1,0.0,1,0.0,False,0.0,Normal,57
2523,1,1.0,342.0,0.0,1,1,0.0,1,0.0,False,0.0,Normal,57
2534,1,1.0,342.0,0.0,1,1,0.0,1,0.0,False,0.0,Normal,57
2535,4,4.0,243.0,0.0,1,1,0.0,4,3.0,False,0.0,Normal,57
2537,1,1.0,342.0,0.0,1,1,0.0,1,-3.0,False,0.0,Normal,57
2540,24,24.0,149.33333333333334,70.29027117761193,2,7,1.0,24,23.0,False,0.0,Normal,57
2545,1,1.0,342.0,0.0,1,1,0.0,1,-23.0,False,0.0,Normal,57
2557,24,24.0,111.66666666666667,32.73462319250911,2,7,1.0,16,23.0,False,0.0,Normal,57
2559,1,1.0,342.0,0.0,1,1,0.0,1,-23.0,False,0.0,Normal,57
2576,1,1.0,342.0,0.0,1,1,0.0,1,0.0,False,0.0,Normal,57
2579,1,1.0,342.0,0.0,1,1,0.0,1,0.0,False,0.0,Normal,57
2581,1,1.0,342.0,0.0,1,1,0.0,1,0.0,False,0.0,Normal,57
2586,1,1.0,342.0,0.0,1,1,0.0,1,0.0,False,0.0,Normal,57
2592,84,84.0,104.64285714285714,24.85943476024022,2,22,1.0,30,83.0,False,0.0,Normal,57
2593,132,132.0,98.68181818181819,23.801043452367537,2,34,1.0,50,48.0,True,330.0,Critical,28
2597,1,1.0,342.0,0.0,1,1,0.0,1,-131.0,False,0.0,Normal,57
2610,1,1.0,342.0,0.0,1,1,0.0,1,0.0,False,0.0,Normal,57
2613,28,28.0,114.21428571428571,29.9002593668363,2,8,1.0,12,27.0,False,0.0,Normal,57
2615,20,20.0,128.3,61.75119432043399,2,6,1.0,12,-8.0,False,0.0,Normal,57
2697,56,56.0,102.42857142857143,22.05743893213575,3,11,1.4315602842833157,48,36.0,True,140.0,High,56
2698,16,16.0,107.0,20.35313243704762,2,5,1.0,10,-40.0,False,0.0,Normal,57
2699,136,136.0,109.91176470588235,38.67311548856254,2,35,1.0,44,120.0,True,340.0,Critical,26
2700,110,110.0,101.45454545454545,41.66394481467954,2,28,0.9997615248696312,30,-26.0,True,275.0,Critical,39
2701,82,82.0,114.39024390243902,63.28945430930638,3,21,1.1410367900938279,32,-28.0,False,0.0,Normal,57
2702,2,2.0,85.0,0.0,1,1,0.0,2,-80.0,False,0.0,Normal,57
2703,6,6.0,116.33333333333333,33.6386021641143,2,3,0.9182958340544896,6,4.0,False,0.0,Normal,57
2704,16,16.0,108.0,31.906112267087632,3,4,1.4056390622295665,10,10.0,False,0.0,Normal,57
2706,12,12.0,103.33333333333333,27.62647683332463,3,3,1.4591479170272448,12,-4.0,False,0.0,Normal,57
2710,12,12.0,98.66666666666667,19.35343782265971,3,3,1.4591479170272448,6,0.0,False,0.0,Normal,57
2772,8,8.0,89.0,14.0,3,2,1.5,8,-4.0,False,0.0,Normal,57
2777,36,36.0,96.61111111111111,19.416885231642215,2,10,1.0,24,28.0,False,0.0,Normal,57
2789,4,4.0,112.5,27.5,2,2,1.0,4,-32.0,False,0.0,Normal,57
2796,4,4.0,109.0,35.0,2,2,1.0,4,0.0,False,0.0,Normal,57
2823,82,82.0,106.1219512195122,23.93099339712479,2,21,0.9995708393473224,34,78.0,False,0.0,Normal,57
2824,56,56.0,89.46428571428571,19.251126391641055,2,15,1.0,18,-26.0,False,0.0,Normal,57
2825,2,2.0,124.0,0.0,1,1,0.0,2,-54.0,False,0.0,Normal,57
2827,20,20.0,75.2,13.717142559585795,1,2,0.0,10,18.0,False,0.0,Normal,57
2828,4,4.0,92.0,0.0,1,1,0.0,4,-16.0,False,0.0,Normal,57
2840,20,20.0,135.0,98.82509802676645,3,4,1.4854752972273344,12,16.0,False,0.0,Normal,57
2909,20,20.0,135.0,98.82509802676645,3,4,1.4854752972273344,18,0.0,False,0.0,Normal,57
2924,1,1.0,342.0,0.0,1,1,0.0,1,-19.0,False,0.0,Normal,57
2927,1,1.0,342.0,0.0,1,1,0.0,1,0.0,False,0.0,Normal,57
2932,1,1.0,342.0,0.0,1,1,0.0,1,0.0,False,0.0,Normal,57
2938,17,17.0,134.58823529411765,66.11581533991911,4,3,1.6457113704075788,16,16.0,False,0.0,Normal,57
2939,8,8.0,136.25,53.176004927034526,2,2,1.0,4,-9.0,False,0.0,Normal,57
2941,24,24.0,123.5,61.017074113180264,2,2,1.0,12,16.0,False,0.0,Normal,57
2948,1,1.0,342.0,0.0,1,1,0.0,1,-23.0,False,0.0,Normal,57
2967,33,33.0,115.0909090909091,48.0935727050631,4,7,1.6283621207766181,32,32.0,False,0.0,Normal,57
2968,72,72.0,126.11111111111111,75.44047608610887,3,14,1.4262025893247394,16,39.0,False,0.0,Normal,57
2969,181,181.0,105.8342541436464,32.60961350509977,4,35,1.4598685911459877,50,109.0,True,452.5,Critical,10
2970,24,24.0,84.5,21.0535032714273,3,6,1.3250112108241772,22,-157.0,False,0.0,Normal,57
2971,20,20.0,115.4,34.4882588716798,3,4,1.4854752972273344,12,-4.0,False,0.0,Normal,57
2972,1,1.0,342.0,0.0,1,1,0.0,1,-19.0,False,0.0,Normal,57
2975,1,1.0,342.0,0.0,1,1,0.0,1,0.0,False,0.0,Normal,57
2978,1,1.0,342.0,0.0,1,1,0.0,1,0.0,False,0.0,Normal,57
2979,4,4.0,112.0,27.0,2,2,1.0,4,3.0,False,0.0,Normal,57
2984,1,1.0,342.0,0.0,1,1,0.0,1,-3.0,False,0.0,Normal,57
2998,1,1.0,342.0,0.0,1,1,0.0,1,0.0,False,0.0,Normal,57
3012,1,1.0,342.0,0.0,1,1,0.0,1,0.0,False,0.0,Normal,57
3014,1,1.0,342.0,0.0,1,1,0.0,1,0.0,False,0.0,Normal,57
3017,1,1.0,342.0,0.0,1,1,0.0,1,0.0,False,0.0,Normal,57
3024,1,1.0,342.0,0.0,1,1,0.0,1,0.0,False,0.0,Normal,57
3034,6,6.0,166.0,1.0,1,1,0.0,6,5.0,False,0.0,Normal,57
3036,1,1.0,342.0,0.0,1,1,0.0,1,-5.0,False,0.0,Normal,57
3037,6,6.0,166.0,1.0,1,1,0.0,6,5.0,False,0.0,Normal,57
3040,6,6.0,166.0,1.0,1,1,0.0,6,0.0,False,0.0,Normal,57
3054,40,40.0,102.0,21.97726097583591,2,11,1.0,26,34.0,False,0.0,Normal,57
3056,29,29.0,116.27586206896552,47.860354734282105,3,9,1.1819141738305752,28,-11.0,False,0.0,Normal,57
3057,88,88.0,97.3409090909091,24.108601993534272,2,22,1.0,44,59.0,True,220.0,High,46
3059,1,1.0,342.0,0.0,1,1,0.0,1,-87.0,False,0.0,Normal,57
3061,1,1.0,342.0,0.0,1,1,0.0,1,0.0,False,0.0,Normal,57
3068,1,1.0,342.0,0.0,1,1,0.0,1,0.0,False,0.0,Normal,57
3077,1,1.0,342.0,0.0,1,1,0.0,1,0.0,False,0.0,Normal,57
3091,3,3.0,421.3333333333333,56.09713797413277,2,2,0.9182958340544896,2,2.0,False,0.0,Normal,57
3096,2,2.0,85.0,0.0,1,1,0.0,2,-1.0,False,0.0,Normal,57
3097,22,22.0,112.0,28.022718056475664,3,6,1.3485878960124222,14,20.0,False,0.0,Normal,57
3099,28,28.0,131.28571428571428,60.1538842961813,3,6,1.4315602842833157,20,6.0,False,0.0,Normal,57
3115,14,14.0,80.85714285714286,12.866663141940233,1,2,0.0,7,-14.0,False,0.0,Normal,57
3116,4,4.0,92.0,0.0,1,1,0.0,4,-10.0,False,0.0,Normal,57
3173,4,4.0,109.0,35.0,2,2,1.0,4,0.0,False,0.0,Normal,57
3223,3,3.0,183.0,0.0,1,1,0.0,3,-1.0,False,0.0,Normal,57
3237,44,44.0,94.81818181818181,21.225277305472705,3,9,1.4226754683112182,22,41.0,False,0.0,Normal,57
3239,38,38.0,104.89473684210526,25.009250366176836,3,8,1.3599924922184878,18,-6.0,False,0.0,Normal,57
3240,190,190.0,103.78947368421052,45.303164694113136,3,33,1.4639011238167483,56,152.0,True,475.0,Critical,7
3246,12,12.0,111.66666666666667,42.081930669693485,3,3,1.4591479170272448,8,-178.0,False,0.0,Normal,57
3253,4,4.0,243.0,0.0,1,1,0.0,4,-8.0,False,0.0,Normal,57
3256,12,12.0,101.33333333333333,32.00347203386255,3,3,1.4591479170272448,10,8.0,False,0.0,Normal,57
3271,12,12.0,101.33333333333333,32.00347203386255,3,3,1.4591479170272448,6,0.0,False,0.0,Normal,57
3286,12,12.0,109.66666666666667,25.460208605237746,2,4,1.0,12,0.0,False,0.0,Normal,57
3287,164,164.0,107.48780487804878,53.556727140581586,2,42,1.0,76,152.0,True,410.0,Critical,15
3290,12,12.0,98.66666666666667,19.35343782265971,3,3,1.4591479170272448,6,-152.0,False,0.0,Normal,57
3292,8,8.0,120.5,33.5,3,2,1.5,6,-4.0,False,0.0,Normal,57
3301,12,12.0,101.33333333333333,32.00347203386255,3,3,1.4591479170272448,10,4.0,False,0.0,Normal,57
3313,4,4.0,120.5,33.5,2,2,1.0,2,-8.0,False,0.0,Normal,57
3337,4,4.0,109.0,35.0,2,2,1.0,4,0.0,False,0.0,Normal,57
3360,16,16.0,102.5,23.45207879911715,3,4,1.4056390622295665,10,12.0,False,0.0,Normal,57
3361,12,12.0,101.33333333333333,32.00347203386255,3,3,1.4591479170272448,10,-4.0,False,0.0,Normal,57
3366,3,3.0,87.0,0.0,1,1,0.0,3,-9.0,False,0.0,Normal,57
3404,1,1.0,342.0,0.0,1,1,0.0,1,-2.0,False,0.0,Normal,57
3407,1,1.0,342.0,0.0,1,1,0.0,1,0.0,False,0.0,Normal,57
3410,1,1.0,342.0,0.0,1,1,0.0,1,0.0,False,0.0,Normal,57
3418,1,1.0,342.0,0.0,1,1,0.0,1,0.0,False,0.0,Normal,57
3429,16,16.0,71.0,12.12435565298214,1,2,0.0,10,15.0,False,0.0,Normal,57
3430,8,8.0,92.0,0.0,1,1,0.0,4,-8.0,False,0.0,Normal,57
3433,1,1.0,342.0,0.0,1,1,0.0,1,-7.0,False,0.0,Normal,57
3447,1,1.0,342.0,0.0,1,1,0.0,1,0.0,False,0.0,Normal,57
3449,1,1.0,342.0,0.0,1,1,0.0,1,0.0,False,0.0,Normal,57
3452,1,1.0,342.0,0.0,1,1,0.0,1,0.0,False,0.0,Normal,57
3459,1,1.0,342.0,0.0,1,1,0.0,1,0.0,False,0.0,Normal,57
3467,1,1.0,342.0,0.0,1,1,0.0,1,0.0,False,0.0,Normal,57
3480,4,4.0,92.0,8.0,2,2,1.0,2,3.0,False,0.0,Normal,57
3483,3,3.0,175.33333333333334,117.85113019775793,2,2,0.9182958340544896,2,-1.0,False,0.0,Normal,57
3494,1,1.0,342.0,0.0,1,1,0.0,1,-2.0,False,0.0,Normal,57
3496,1,1.0,342.0,0.0,1,1,0.0,1,0.0,False,0.0,Normal,57
3503,1,1.0,342.0,0.0,1,1,0.0,1,0.0,False,0.0,Normal,57
3507,36,36.0,102.11111111111111,22.815416057493746,3,7,1.4591479170272448,28,35.0,False,0.0,Normal,57
3508,64,64.0,106.6875,23.269397150549473,3,11,1.4772170014624826,26,28.0,False,0.0,Normal,57
3509,104,104.0,107.92307692307692,35.38244140478881,3,20,1.381163558176309,20,40.0,True,260.0,Critical,41
3510,64,64.0,100.71875,30.930602135061967,3,15,1.4153413978136884,36,-40.0,False,0.0,Normal,57
3511,8,8.0,116.25,36.74489760497367,2,3,1.0,8,-56.0,False,0.0,Normal,57
3512,12,12.0,124.0,39.0,2,4,1.0,8,4.0,False,0.0,Normal,57
3515,20,20.0,111.6,34.18830209296741,3,5,1.3609640474436813,10,8.0,False,0.0,Normal,57
3517,60,60.0,118.5,46.80580448334729,2,16,1.0,28,40.0,False,0.0,Normal,57
3518,16,16.0,94.25,27.049722734253674,3,5,1.4056390622295665,6,-44.0,False,0.0,Normal,57
3519,40,40.0,107.4,29.572622474173645,2,11,1.0,12,24.0,False,0.0,Normal,57
3520,62,62.0,88.45161290322581,18.67694578484812,2,15,0.9932338197397066,26,22.0,False,0.0,Normal,57
3521,14,14.0,100.85714285714286,23.41811613399562,2,6,0.863120568566631,14,-48.0,False,0.0,Normal,57
3524,1,1.0,342.0,0.0,1,1,0.0,1,-13.0,False,0.0,Normal,57
3532,1,1.0,342.0,0.0,1,1,0.0,1,0.0,False,0.0,Normal,57
3539,1,1.0,342.0,0.0,1,1,0.0,1,0.0,False,0.0,Normal,57
3541,8,8.0,108.5,32.13642792844283,2,3,1.0,8,7.0,False,0.0,Normal,57
3542,1,1.0,342.0,0.0,1,1,0.0,1,-7.0,False,0.0,Normal,57
3546,1,1.0,342.0,0.0,1,1,0.0,1,0.0,False,0.0,Normal,57
3551,1,1.0,342.0,0.0,1,1,0.0,1,0.0,False,0.0,Normal,57
3557,1,1.0,342.0,0.0,1,1,0.0,1,0.0,False,0.0,Normal,57
3563,1,1.0,342.0,0.0,1,1,0.0,1,0.0,False,0.0,Normal,57
3573,1,1.0,342.0,0.0,1,1,0.0,1,0.0,False,0.0,Normal,57
3577,12,12.0,123.0,57.01754116059373,2,4,1.0,8,11.0,False,0.0,Normal,57
3714,4,4.0,112.5,27.5,2,2,1.0,2,-8.0,False,0.0,Normal,57
3720,3,3.0,160.0,0.0,1,1,0.0,3,-1.0,False,0.0,Normal,57
3721,3,3.0,342.0,0.0,2,2,0.9182958340544896,3,0.0,False,0.0,Normal,57
3748,50,50.0,96.6,19.54072670091877,2,13,0.9988455359952018,24,47.0,False,0.0,Normal,57
3749,122,122.0,109.29508196721312,42.924006146698446,2,32,0.999806132804711,28,72.0,True,305.0,Critical,33
3750,24,24.0,108.33333333333333,22.335820757001272,2,7,1.0,12,-98.0,False,0.0,Normal,57
3751,116,116.0,100.44827586206897,40.253580870394835,2,30,1.0,28,92.0,True,290.0,Critical,36
3777,24,24.0,103.33333333333333,22.669117514559073,3,6,1.3250112108241772,20,-92.0,False,0.0,Normal,57
3778,24,24.0,109.5,24.057223447438815,3,6,1.3250112108241772,24,0.0,False,0.0,Normal,57
3779,246,246.0,108.02439024390245,39.22448700398462,3,42,1.4526090961435085,60,222.0,True,615.0,Critical,3
3780,98,98.0,149.91836734693877,87.48243829237582,3,18,1.480660353701156,42,-148.0,True,245.0,High,43
3781,16,16.0,116.25,36.564155945406426,2,5,1.0,16,-82.0,False,0.0,Normal,57
3789,4,4.0,112.0,27.0,2,2,1.0,4,-12.0,False,0.0,Normal,57
3807,10,10.0,93.4,7.83836717690617,2,3,0.9709505944546686,8,6.0,False,0.0,Normal,57
3808,10,10.0,100.2,22.28362627581068,2,4,0.9709505944546686,8,0.0,False,0.0,Normal,57
3879,4,4.0,109.0,35.0,2,2,1.0,4,-6.0,False,0.0,Normal,57
3884,1,1.0,342.0,0.0,1,1,0.0,1,-3.0,False,0.0,Normal,57
3885,4,4.0,90.0,0.0,2,2,1.0,2,3.0,False,0.0,Normal,57
3887,1,1.0,342.0,0.0,1,1,0.0,1,-3.0,False,0.0,Normal,57
3893,1,1.0,342.0,0.0,1,1,0.0,1,0.0,False,0.0,Normal,57
3907,1,1.0,342.0,0.0,1,1,0.0,1,0.0,False,0.0,Normal,57
3921,1,1.0,342.0,0.0,1,1,0.0,1,0.0,False,0.0,Normal,57
3929,1,1.0,342.0,0.0,1,1,0.0,1,0.0,False,0.0,Normal,57
3932,1,1.0,342.0,0.0,1,1,0.0,1,0.0,False,0.0,Normal,57
3934,1,1.0,342.0,0.0,1,1,0.0,1,0.0,False,0.0,Normal,57
3937,1,1.0,342.0,0.0,1,1,0.0,1,0.0,False,0.0,Normal,57
3941,1,1.0,342.0,0.0,1,1,0.0,1,0.0,False,0.0,Normal,57
3948,1,1.0,342.0,0.0,1,1,0.0,1,0.0,False,0.0,Normal,57
3959,4,4.0,84.0,8.0,2,2,1.0,4,3.0,False,0.0,Normal,57
3965,1,1.0,342.0,0.0,1,1,0.0,1,-3.0,False,0.0,Normal,57
3972,1,1.0,342.0,0.0,1,1,0.0,1,0.0,False,0.0,Normal,57
3974,1,1.0,342.0,0.0,1,1,0.0,1,0.0,False,0.0,Normal,57
3975,4,4.0,243.0,0.0,1,1,0.0,4,3.0,False,0.0,Normal,57
3977,1,1.0,342.0,0.0,1,1,0.0,1,-3.0,False,0.0,Normal,57
3979,4,4.0,78.5,1.5,1,1,0.0,4,3.0,False,0.0,Normal,57
3980,20,20.0,102.9,17.380736463107656,2,7,0.9709505944546686,16,16.0,False,0.0,Normal,57
3981,6,6.0,105.33333333333333,27.523727137790686,2,2,0.9182958340544896,6,-14.0,False,0.0,Normal,57
3982,83,83.0,98.57831325301204,37.18793705242502,3,23,1.0816122560191845,25,77.0,False,0.0,Normal,57
3984,4,4.0,109.0,35.0,2,2,1.0,4,-79.0,False,0.0,Normal,57
3992,4,4.0,112.0,27.0,2,2,1.0,2,0.0,False,0.0,Normal,57
3994,1,1.0,342.0,0.0,1,1,0.0,1,-3.0,False,0.0,Normal,57
4008,1,1.0,342.0,0.0,1,1,0.0,1,0.0,False,0.0,Normal,57
4012,8,8.0,106.5,37.73923687622737,2,3,1.0,6,7.0,False,0.0,Normal,57
4019,1,1.0,342.0,0.0,1,1,0.0,1,-7.0,False,0.0,Normal,57
4022,1,1.0,342.0,0.0,1,1,0.0,1,0.0,False,0.0,Normal,57
4026,1,1.0,342.0,0.0,1,1,0.0,1,0.0,False,0.0,Normal,57
4031,11,11.0,99.45454545454545,77.80671113419884,2,3,0.4394969869215134,11,10.0,False,0.0,Normal,57
4032,10,10.0,75.2,13.717142559585797,1,2,0.0,6,-1.0,False,0.0,Normal,57
4033,4,4.0,92.0,0.0,1,1,0.0,4,-6.0,False,0.0,Normal,57
4042,8,8.0,106.5,37.73923687622737,2,3,1.0,6,4.0,False,0.0,Normal,57
4044,1,1.0,342.0,0.0,1,1,0.0,1,-7.0,False,0.0,Normal,57
4048,120,120.0,111.68333333333334,40.27840267714476,3,21,1.4591479170272448,54,119.0,True,300.0,Critical,34
4049,60,60.0,101.33333333333333,19.638963539069188,3,13,1.3609640474436813,24,-60.0,False,0.0,Normal,57
4050,120,120.0,103.83333333333333,34.9032790563994,3,25,1.272905595320056,32,60.0,True,300.0,Critical,34
4051,56,56.0,104.25,36.045234477964335,3,15,1.2958363892911637,54,-64.0,True,140.0,High,56
4056,13,13.0,129.3846153846154,73.49676964281488,4,4,1.7381493331928664,8,-43.0,False,0.0,Normal,57
4066,12,12.0,111.66666666666667,42.081930669693485,3,3,1.4591479170272448,8,-1.0,False,0.0,Normal,57
4071,12,12.0,94.33333333333333,16.090024514862893,3,3,1.4591479170272448,10,0.0,False,0.0,Normal,57
4078,8,8.0,95.0,8.0,3,2,1.5,8,-4.0,False,0.0,Normal,57
4081,12,12.0,101.33333333333333,32.00347203386255,3,3,1.4591479170272448,10,4.0,False,0.0,Normal,57
4102,16,16.0,104.25,31.071490147722237,2,5,1.0,6,4.0,False,0.0,Normal,57
4108,20,20.0,128.2,60.72692977584162,3,4,1.4854752972273344,16,4.0,False,0.0,Normal,57
4111,10,10.0,101.8,35.03940638766588,2,3,0.9709505944546686,8,-10.0,False,0.0,Normal,57
4171,20,20.0,112.4,37.88720100508878,3,4,1.4854752972273344,12,10.0,False,0.0,Normal,57
4211,36,36.0,95.22222222222223,21.404972307998275,2,10,1.0,26,16.0,False,0.0,Normal,57
4212,16,16.0,108.0,25.95187854472196,2,5,1.0,8,-20.0,False,0.0,Normal,57
4213,80,80.0,102.725,24.416170359005935,2,21,1.0,46,64.0,True,200.0,High,48
4214,64,64.0,100.6875,48.12836838861255,2,17,1.0,42,-16.0,True,160.0,High,54
4222,4,4.0,112.0,27.0,2,2,1.0,4,-60.0,False,0.0,Normal,57
4228,7,7.0,93.85714285714286,17.414514237338032,2,3,0.863120568566631,7,3.0,False,0.0,Normal,57
4229,3,3.0,75.0,0.0,1,1,0.0,3,-4.0,False,0.0,Normal,57
4235,6,6.0,166.0,1.0,1,1,0.0,6,3.0,False,0.0,Normal,57
4238,6,6.0,166.0,1.0,1,1,0.0,6,0.0,False,0.0,Normal,57
4241,6,6.0,166.0,1.0,1,1,0.0,6,0.0,False,0.0,Normal,57
4291,16,16.0,102.5,23.45207879911715,3,4,1.4056390622295665,14,10.0,False,0.0,Normal,57
4317,36,36.0,103.77777777777777,25.138627991279687,3,7,1.4591479170272448,26,20.0,False,0.0,Normal,57
4318,180,180.0,109.53333333333333,39.639542546973644,3,33,1.433640811100013,64,144.0,True,450.0,Critical,11
4319,124,124.0,98.16129032258064,22.259607239663957,3,25,1.3853145346819704,48,-56.0,True,310.0,Critical,32
4320,28,28.0,80.92857142857143,14.384834701440093,3,6,1.4315602842833157,22,-96.0,False,0.0,Normal,57
4323,4,4.0,90.0,0.0,2,2,1.0,2,-24.0,False,0.0,Normal,57
4364,1,1.0,342.0,0.0,1,1,0.0,1,-3.0,False,0.0,Normal,57
4366,1,1.0,342.0,0.0,1,1,0.0,1,0.0,False,0.0,Normal,57
4373,1,1.0,342.0,0.0,1,1,0.0,1,0.0,False,0.0,Normal,57
4385,1,1.0,342.0,0.0,1,1,0.0,1,0.0,False,0.0,Normal,57
4404,1,1.0,342.0,0.0,1,1,0.0,1,0.0,False,0.0,Normal,57
4409,1,1.0,342.0,0.0,1,1,0.0,1,0.0,False,0.0,Normal,57
4412,1,1.0,342.0,0.0,1,1,0.0,1,0.0,False,0.0,Normal,57
4417,10,10.0,101.8,20.76920797719547,2,3,0.9709505944546686,10,9.0,False,0.0,Normal,57
4418,2,2.0,174.0,0.0,1,1,0.0,2,-8.0,False,0.0,Normal,57
4419,1,1.0,342.0,0.0,1,1,0.0,1,-1.0,False,0.0,Normal,57
4421,4,4.0,109.0,35.0,2,2,1.0,4,3.0,False,0.0,Normal,57
4433,1,1.0,342.0,0.0,1,1,0.0,1,-3.0,False,0.0,Normal,57
4446,1,1.0,342.0,0.0,1,1,0.0,1,0.0,False,0.0,Normal,57
4454,1,1.0,342.0,0.0,1,1,0.0,1,0.0,False,0.0,Normal,57
4457,1,1.0,342.0,0.0,1,1,0.0,1,0.0,False,0.0,Normal,57
4464,1,1.0,342.0,0.0,1,1,0.0,1,0.0,False,0.0,Normal,57
4474,1,1.0,342.0,0.0,1,1,0.0,1,0.0,False,0.0,Normal,57
4483,1,1.0,342.0,0.0,1,1,0.0,1,0.0,False,0.0,Normal,57
4499,1,1.0,342.0,0.0,1,1,0.0,1,0.0,False,0.0,Normal,57
4502,1,1.0,342.0,0.0,1,1,0.0,1,0.0,False,0.0,Normal,57
4506,1,1.0,342.0,0.0,1,1,0.0,1,0.0,False,0.0,Normal,57
4516,1,1.0,342.0,0.0,1,1,0.0,1,0.0,False,0.0,Normal,57
4520,64,64.0,100.3125,20.033468090922252,3,12,1.4480191162672786,54,63.0,True,160.0,High,54
4521,40,40.0,108.75,22.860172790248107,3,8,1.4406454496153462,38,-24.0,False,0.0,Normal,57
4522,162,162.0,111.66666666666667,52.48115475995427,3,29,1.435095434790696,40,122.0,True,405.0,Critical,16
4523,14,14.0,142.71428571428572,80.42159320146065,3,4,1.5566567074628228,10,-148.0,False,0.0,Normal,57
4524,12,12.0,103.33333333333333,27.62647683332463,3,3,1.4591479170272448,8,-2.0,False,0.0,Normal,57
4526,16,16.0,107.625,30.136927099490418,3,4,1.4056390622295665,10,4.0,False,0.0,Normal,57
4532,5,5.0,158.0,95.116770340461,3,3,1.5219280948873621,4,-11.0,False,0.0,Normal,57
4544,1,1.0,342.0,0.0,1,1,0.0,1,-4.0,False,0.0,Normal,57
4594,20,20.0,133.4,99.39335993918306,3,4,1.4854752972273344,16,19.0,False,0.0,Normal,57
4616,80,80.0,106.775,24.214135850779392,2,21,1.0,34,60.0,False,0.0,Normal,57
4617,112,112.0,96.75,23.712752747353964,2,29,1.0,72,32.0,True,280.0,Critical,38
4625,4,4.0,112.5,27.5,2,2,1.0,4,-108.0,False,0.0,Normal,57
4633,10,10.0,75.2,13.717142559585797,1,2,0.0,10,6.0,False,0.0,Normal,57
4634,10,10.0,75.2,13.717142559585797,1,2,0.0,6,0.0,False,0.0,Normal,57
4635,4,4.0,92.0,0.0,1,1,0.0,4,-6.0,False,0.0,Normal,57
4655,4,4.0,109.0,35.0,2,2,1.0,4,0.0,False,0.0,Normal,57
4662,20,20.0,157.4,114.13956369287557,3,4,1.4854752972273344,16,16.0,False,0.0,Normal,57
4695,4,4.0,243.0,0.0,1,1,0.0,4,-16.0,False,0.0,Normal,57
4722,28,28.0,109.14285714285714,27.041917574803175,3,5,1.4926140680171256,20,24.0,False,0.0,Normal,57
4723,8,8.0,203.0,128.0,2,3,1.0,6,-20.0,False,0.0,Normal,57
4724,20,20.0,108.5,22.68149025086315,2,6,1.0,10,12.0,False,0.0,Normal,57
4725,80,80.0,114.7,46.765478720953986,3,17,1.3609640474436813,34,60.0,False,0.0,Normal,57
4727,8,8.0,108.5,32.13642792844283,2,3,1.0,6,-72.0,False,0.0,Normal,57
4735,56,56.0,132.82142857142858,28.382657646916027,3,9,1.4926140680171256,30,48.0,False,0.0,Normal,57
4765,20,20.0,148.2,21.54437281519237,3,4,1.4854752972273344,12,-36.0,False,0.0,Normal,57
4796,4,4.0,109.0,35.0,2,2,1.0,4,-16.0,False,0.0,Normal,57
4844,1,1.0,342.0,0.0,1,1,0.0,1,-3.0,False,0.0,Normal,57
4847,1,1.0,342.0,0.0,1,1,0.0,1,0.0,False,0.0,Normal,57
4852,1,1.0,342.0,0.0,1,1,0.0,1,0.0,False,0.0,Normal,57
4859,1,1.0,342.0,0.0,1,1,0.0,1,0.0,False,0.0,Normal,57
4875,1,1.0,342.0,0.0,1,1,0.0,1,0.0,False,0.0,Normal,57
4888,4,4.0,109.0,35.0,2,2,1.0,4,3.0,False,0.0,Normal,57
4889,1,1.0,342.0,0.0,1,1,0.0,1,-3.0,False,0.0,Normal,57
4892,1,1.0,342.0,0.0,1,1,0.0,1,0.0,False,0.0,Normal,57
4896,1,1.0,342.0,0.0,1,1,0.0,1,0.0,False,0.0,Normal,57
4909,1,1.0,342.0,0.0,1,1,0.0,1,0.0,False,0.0,Normal,57
4925,29,29.0,116.34482758620689,50.25745843572423,4,6,1.6575415498471102,28,28.0,False,0.0,Normal,57
4926,24,24.0,106.58333333333333,23.672974511501977,3,6,1.3250112108241772,10,-5.0,False,0.0,Normal,57
4927,88,88.0,103.88636363636364,29.238996305596363,3,21,1.2197484934607565,42,64.0,True,220.0,High,46
4928,112,112.0,100.78571428571429,41.608169821783406,2,29,1.0,56,24.0,True,280.0,Critical,38
4933,12,12.0,101.33333333333333,32.00347203386255,3,3,1.4591479170272448,10,-100.0,False,0.0,Normal,57
4934,1,1.0,342.0,0.0,1,1,0.0,1,-11.0,False,0.0,Normal,57
4937,1,1.0,342.0,0.0,1,1,0.0,1,0.0,False,0.0,Normal,57
4938,16,16.0,104.0,31.17290490153268,3,4,1.4056390622295665,10,15.0,False,0.0,Normal,57
4939,1,1.0,342.0,0.0,1,1,0.0,1,-15.0,False,0.0,Normal,57
4945,1,1.0,342.0,0.0,1,1,0.0,1,0.0,False,0.0,Normal,57
4948,24,24.0,109.75,27.848174685844914,3,6,1.3250112108241772,12,23.0,False,0.0,Normal,57
4950,32,32.0,119.875,52.7551833946201,3,8,1.271782221599798,18,8.0,False,0.0,Normal,57
4953,1,1.0,342.0,0.0,1,1,0.0,1,-31.0,False,0.0,Normal,57
4958,8,8.0,106.5,37.73923687622737,2,3,1.0,6,7.0,False,0.0,Normal,57
4963,1,1.0,342.0,0.0,1,1,0.0,1,-7.0,False,0.0,Normal,57
4977,1,1.0,342.0,0.0,1,1,0.0,1,0.0,False,0.0,Normal,57
4979,1,1.0,342.0,0.0,1,1,0.0,1,0.0,False,0.0,Normal,57
4982,1,1.0,342.0,0.0,1,1,0.0,1,0.0,False,0.0,Normal,57
4987,1,1.0,342.0,0.0,1,1,0.0,1,0.0,False,0.0,Normal,57
4988,12,12.0,111.66666666666667,42.081930669693485,3,3,1.4591479170272448,8,11.0,False,0.0,Normal,57
5002,1,1.0,342.0,0.0,1,1,0.0,1,-11.0,False,0.0,Normal,57
5012,1,1.0,342.0,0.0,1,1,0.0,1,0.0,False,0.0,Normal,57
5021,44,44.0,96.72727272727273,20.29819028695957,2,12,1.0,38,43.0,False,0.0,Normal,57
5022,28,28.0,108.21428571428571,22.084831806431474,2,8,1.0,20,-16.0,False,0.0,Normal,57
5023,152,152.0,115.64473684210526,54.98246226306799,2,39,1.0,58,124.0,True,380.0,Critical,19
5024,32,32.0,112.9375,62.781833309883524,2,9,1.0,18,-120.0,False,0.0,Normal,57
5038,28,28.0,128.14285714285714,40.14946564820925,3,2,1.2958363892911637,28,-4.0,False,0.0,Normal,57
5039,8,8.0,136.25,53.176004927034526,2,2,1.0,8,-20.0,False,0.0,Normal,57
5041,24,24.0,127.25,61.265984308858805,2,2,1.0,24,16.0,False,0.0,Normal,57
5048,20,20.0,101.6,28.517363131958746,3,5,1.3609640474436813,12,-4.0,False,0.0,Normal,57
5061,20,20.0,159.2,73.81571648368659,3,2,1.3609640474436813,10,0.0,False,0.0,Normal,57
5062,8,8.0,150.75,58.31970078798416,2,2,1.0,8,-12.0,False,0.0,Normal,57
5120,2,2.0,74.0,0.0,1,1,0.0,2,-6.0,False,0.0,Normal,57
5121,2,2.0,144.0,0.0,1,1,0.0,2,0.0,False,0.0,Normal,57
5127,16,16.0,100.125,24.106210299422845,2,4,0.954434002924965,16,14.0,False,0.0,Normal,57
5128,68,68.0,110.61764705882354,27.61075526363547,3,12,1.5221898721658211,32,52.0,False,0.0,Normal,57
5129,90,90.0,108.2,34.65102211094693,3,15,1.4253296878737316,32,22.0,False,0.0,Normal,57
5130,26,26.0,92.38461538461539,21.99488913200051,3,6,1.5485806065228545,26,-64.0,False,0.0,Normal,57
5131,6,6.0,111.0,36.76955262170047,2,2,0.9182958340544896,6,-20.0,False,0.0,Normal,57
5132,6,6.0,95.66666666666667,7.542472332656507,3,2,1.584962500721156,4,0.0,False,0.0,Normal,57
5133,12,12.0,103.33333333333333,27.62647683332463,3,3,1.4591479170272448,6,6.0,False,0.0,Normal,57
5139,8,8.0,132.0,0.0,1,1,0.0,8,-4.0,False,0.0,Normal,57
5140,36,36.0,147.66666666666666,17.384539747207064,3,7,1.5715416718219246,32,28.0,False,0.0,Normal,57
5169,2,2.0,132.0,0.0,1,1,0.0,2,-34.0,False,0.0,Normal,57
5170,22,22.0,148.1818181818182,20.541833952905968,3,4,1.5394847569315018,20,20.0,False,0.0,Normal,57
5203,4,4.0,109.0,35.0,2,2,1.0,2,-18.0,False,0.0,Normal,57
5236,20,20.0,75.2,13.717142559585795,1,2,0.0,10,16.0,False,0.0,Normal,57
5237,4,4.0,92.0,0.0,1,1,0.0,4,-16.0,False,0.0,Normal,57
5324,1,1.0,342.0,0.0,1,1,0.0,1,-3.0,False,0.0,Normal,57
5327,1,1.0,342.0,0.0,1,1,0.0,1,0.0,False,0.0,Normal,57
5330,20,20.0,98.8,22.400000000000002,3,4,1.4854752972273344,18,19.0,False,0.0,Normal,57
5331,12,12.0,104.83333333333333,19.480046771561458,3,3,1.4591479170272448,6,-8.0,False,0.0,Normal,57
5332,44,44.0,98.77272727272727,23.455822727730336,3,9,1.4226754683112182,18,32.0,False,0.0,Normal,57
5333,80,80.0,90.45,20.024921972382316,3,14,1.4670340276877454,38,36.0,False,0.0,Normal,57
5335,1,1.0,342.0,0.0,1,1,0.0,1,-79.0,False,0.0,Normal,57
5348,1,1.0,342.0,0.0,1,1,0.0,1,0.0,False,0.0,Normal,57
5353,4,4.0,109.0,35.0,2,2,1.0,4,3.0,False,0.0,Normal,57
5362,9,9.0,134.44444444444446,79.39089104076685,3,4,1.3921472236645345,8,5.0,False,0.0,Normal,57
5369,1,1.0,342.0,0.0,1,1,0.0,1,-8.0,False,0.0,Normal,57
5371,1,1.0,342.0,0.0,1,1,0.0,1,0.0,False,0.0,Normal,57
5380,1,1.0,342.0,0.0,1,1,0.0,1,0.0,False,0.0,Normal,57
5389,1,1.0,342.0,0.0,1,1,0.0,1,0.0,False,0.0,Normal,57
5404,1,1.0,342.0,0.0,1,1,0.0,1,0.0,False,0.0,Normal,57
5413,4,4.0,243.0,0.0,1,1,0.0,4,3.0,False,0.0,Normal,57
5414,1,1.0,342.0,0.0,1,1,0.0,1,-3.0,False,0.0,Normal,57
5416,1,1.0,342.0,0.0,1,1,0.0,1,0.0,False,0.0,Normal,57
5417,2,2.0,83.0,0.0,1,1,0.0,2,1.0,False,0.0,Normal,57
5419,1,1.0,342.0,0.0,1,1,0.0,1,-1.0,False,0.0,Normal,57
5421,28,28.0,141.71428571428572,60.58456730817154,3,2,1.2958363892911637,16,27.0,False,0.0,Normal,57
5422,9,9.0,174.66666666666666,95.60450942409685,3,3,1.3921472236645345,4,-19.0,False,0.0,Normal,57
5426,64,64.0,116.96875,45.74964779577543,2,17,1.0,24,55.0,False,0.0,Normal,57
5427,24,24.0,96.5,26.26626480234041,3,7,1.5,8,-40.0,False,0.0,Normal,57
5428,28,28.0,100.07142857142857,20.644834309663747,2,8,1.0,16,4.0,False,0.0,Normal,57
5429,101,101.0,101.44554455445545,33.81266832941384,3,27,1.0702350572322654,26,73.0,False,0.0,Normal,57
5430,28,28.0,81.5,14.206386893627407,2,8,1.0,26,-73.0,False,0.0,Normal,57
5437,6,6.0,166.0,1.0,1,1,0.0,6,-22.0,False,0.0,Normal,57
5440,10,10.0,144.4,31.49666649028116,2,3,0.7219280948873623,6,4.0,False,0.0,Normal,57
5443,6,6.0,166.0,1.0,1,1,0.0,6,-4.0,False,0.0,Normal,57
5444,1,1.0,342.0,0.0,1,1,0.0,1,-5.0,False,0.0,Normal,57
5459,2,2.0,342.0,0.0,1,1,0.0,1,1.0,False,0.0,Normal,57
5462,1,1.0,342.0,0.0,1,1,0.0,1,-1.0,False,0.0,Normal,57
5464,16,16.0,140.25,66.9342027665976,3,2,1.4056390622295665,16,15.0,False,0.0,Normal,57
5468,1,1.0,342.0,0.0,1,1,0.0,1,-15.0,False,0.0,Normal,57
5482,1,1.0,342.0,0.0,1,1,0.0,1,0.0,False,0.0,Normal,57
5486,24,24.0,154.75,81.42391642918355,2,7,1.0,6,23.0,False,0.0,Normal,57
5490,1,1.0,342.0,0.0,1,1,0.0,1,-23.0,False,0.0,Normal,57
5502,1,1.0,342.0,0.0,1,1,0.0,1,0.0,False,0.0,Normal,57
5525,4,4.0,112.5,27.5,2,2,1.0,4,3.0,False,0.0,Normal,57
5526,8,8.0,120.5,33.5,3,2,1.5,8,4.0,False,0.0,Normal,57
5532,2,2.0,69.0,0.0,1,1,0.0,2,-6.0,False,0.0,Normal,57
5533,110,110.0,94.34545454545454,20.115320422565464,3,20,1.4609613439460671,56,108.0,True,275.0,Critical,39
5534,52,52.0,101.65384615384616,24.081499933626528,3,13,1.1956217818146277,30,-58.0,False,0.0,Normal,57
5535,76,76.0,91.39473684210526,18.87847489614646,3,16,1.3712437847710617,48,24.0,True,190.0,High,50
5541,20,20.0,154.1,56.09714787758822,3,2,1.3609640474436813,10,-56.0,False,0.0,Normal,57
5593,12,12.0,97.0,10.770329614269007,2,4,1.0,6,-8.0,False,0.0,Normal,57
5609,4,4.0,109.0,35.0,2,2,1.0,4,-8.0,False,0.0,Normal,57
5622,20,20.0,121.9,48.02384824230561,2,6,1.0,6,16.0,False,0.0,Normal,57
5694,12,12.0,150.66666666666666,63.83746722906715,3,2,1.4591479170272448,10,-8.0,False,0.0,Normal,57
5735,60,60.0,105.23333333333333,33.773444531992226,3,12,1.2555367253996506,58,48.0,True,150.0,High,55
5736,62,62.0,117.41935483870968,46.25091050092325,3,15,1.472513749357935,30,2.0,False,0.0,Normal,57
5737,58,58.0,103.89655172413794,27.990570860111283,2,16,0.9991421039919088,32,-4.0,False,0.0,Normal,57
5738,166,166.0,104.46987951807229,35.07147172419696,3,39,1.0782173020590051,42,108.0,True,415.0,Critical,14
5739,130,130.0,100.3076923076923,30.306598965050537,3,30,1.3844579647165822,58,-36.0,True,325.0,Critical,29
5740,24,24.0,112.25,31.44605168644653,3,6,1.3250112108241772,8,-106.0,False,0.0,Normal,57
5741,8,8.0,108.5,32.13642792844283,2,3,1.0,8,-16.0,False,0.0,Normal,57
5742,2,2.0,85.0,0.0,1,1,0.0,2,-6.0,False,0.0,Normal,57
5743,14,14.0,111.28571428571429,32.818610946988535,3,4,1.4488156357251847,8,12.0,False,0.0,Normal,57
5744,12,12.0,103.33333333333333,27.62647683332463,3,3,1.4591479170272448,10,-2.0,False,0.0,Normal,57
5748,8,8.0,102.0,22.282279955157193,2,3,1.0,6,-4.0,False,0.0,Normal,57
5758,4,4.0,92.0,8.0,2,2,1.0,4,-4.0,False,0.0,Normal,57
5788,4,4.0,92.0,8.0,2,2,1.0,4,0.0,False,0.0,Normal,57
5795,32,32.0,149.4375,74.12992711280647,3,7,1.4056390622295665,10,28.0,False,0.0,Normal,57
5804,1,1.0,342.0,0.0,1,1,0.0,1,-31.0,False,0.0,Normal,57
5806,1,1.0,342.0,0.0,1,1,0.0,1,0.0,False,0.0,Normal,57
5811,1,1.0,342.0,0.0,1,1,0.0,1,0.0,False,0.0,Normal,57
5819,4,4.0,109.0,35.0,2,2,1.0,4,3.0,False,0.0,Normal,57
5823,1,1.0,342.0,0.0,1,1,0.0,1,-3.0,False,0.0,Normal,57
5831,161,161.0,106.52173913043478,52.25856486686532,3,41,1.0478073287361187,54,160.0,True,402.5,Critical,17
5832,58,58.0,111.0,28.219582342518944,2,16,0.9991421039919088,32,-103.0,False,0.0,Normal,57
5833,70,70.0,103.34285714285714,26.665057774594246,2,19,0.9994110647387552,46,12.0,True,175.0,High,52
5834,76,76.0,110.28947368421052,69.15273252383064,2,20,1.0,50,6.0,True,190.0,High,50
5838,16,16.0,71.0,12.12435565298214,1,2,0.0,10,-60.0,False,0.0,Normal,57
5839,16,16.0,99.25,27.652983564165368,3,4,1.5,6,0.0,False,0.0,Normal,57
5843,4,4.0,85.0,0.0,1,1,0.0,4,-12.0,False,0.0,Normal,57
5844,9,9.0,149.55555555555554,71.5217311360076,3,5,1.224394445405986,8,5.0,False,0.0,Normal,57
5849,9,9.0,132.66666666666666,82.11915462031715,3,4,1.3921472236645345,8,0.0,False,0.0,Normal,57
5852,1,1.0,342.0,0.0,1,1,0.0,1,-8.0,False,0.0,Normal,57
5855,16,16.0,98.0,11.789826122551595,3,4,1.4056390622295665,10,15.0,False,0.0,Normal,57
5858,4,4.0,92.0,8.0,2,2,1.0,4,-12.0,False,0.0,Normal,57
5860,1,1.0,342.0,0.0,1,1,0.0,1,-3.0,False,0.0,Normal,57
5863,6,6.0,109.0,43.289721643826724,2,2,0.9182958340544896,6,5.0,False,0.0,Normal,57
5864,2,2.0,99.0,0.0,1,1,0.0,2,-4.0,False,0.0,Normal,57
5875,1,1.0,342.0,0.0,1,1,0.0,1,-1.0,False,0.0,Normal,57
5879,8,8.0,95.0,8.0,3,2,1.5,8,7.0,False,0.0,Normal,57
5884,1,1.0,342.0,0.0,1,1,0.0,1,-7.0,False,0.0,Normal,57
5885,8,8.0,203.0,128.0,2,3,1.0,6,7.0,False,0.0,Normal,57
5893,8,8.0,106.5,37.73923687622737,2,3,1.0,8,0.0,False,0.0,Normal,57
5894,1,1.0,342.0,0.0,1,1,0.0,1,-7.0,False,0.0,Normal,57
5896,1,1.0,342.0,0.0,1,1,0.0,1,0.0,False,0.0,Normal,57
5905,1,1.0,342.0,0.0,1,1,0.0,1,0.0,False,0.0,Normal,57
5917,1,1.0,342.0,0.0,1,1,0.0,1,0.0,False,0.0,Normal,57
5933,4,4.0,90.0,0.0,2,2,1.0,2,3.0,False,0.0,Normal,57
5936,1,1.0,342.0,0.0,1,1,0.0,1,-3.0,False,0.0,Normal,57
5938,232,232.0,111.33620689655173,47.45940987425324,3,41,1.4467855508270953,74,231.0,True,580.0,Critical,4
5939,37,37.0,108.5945945945946,44.8586123940178,4,7,1.5562745047925226,18,-195.0,False,0.0,Normal,57
5940,174,174.0,103.19540229885058,48.30407495255512,3,30,1.4781696766555887,48,137.0,True,435.0,Critical,12
5941,12,12.0,103.33333333333333,27.62647683332463,3,3,1.4591479170272448,10,-162.0,False,0.0,Normal,57
5942,1,1.0,342.0,0.0,1,1,0.0,1,-11.0,False,0.0,Normal,57
5946,1,1.0,342.0,0.0,1,1,0.0,1,0.0,False,0.0,Normal,57
5952,1,1.0,342.0,0.0,1,1,0.0,1,0.0,False,0.0,Normal,57
5953,20,20.0,146.5,97.18050215964105,2,6,1.0,10,19.0,False,0.0,Normal,57
5962,1,1.0,342.0,0.0,1,1,0.0,1,-19.0,False,0.0,Normal,57
5971,1,1.0,342.0,0.0,1,1,0.0,1,0.0,False,0.0,Normal,57
5978,6,6.0,102.66666666666667,25.69478978746902,2,2,0.9182958340544896,6,5.0,False,0.0,Normal,57
5979,6,6.0,94.66666666666667,7.542472332656507,3,2,1.584962500721156,6,0.0,False,0.0,Normal,57
5990,8,8.0,102.0,22.282279955157193,2,3,1.0,8,2.0,False,0.0,Normal,57
6016,12,12.0,165.0,117.79643458101778,2,4,1.0,10,4.0,False,0.0,Normal,57
6021,12,12.0,165.0,117.79643458101778,2,4,1.0,10,0.0,False,0.0,Normal,57
6052,4,4.0,109.0,35.0,2,2,1.0,4,-8.0,False,0.0,Normal,57
6074,12,12.0,105.33333333333333,24.417662095749918,2,4,1.0,12,8.0,False,0.0,Normal,57
6089,12,12.0,163.0,118.92854997854805,3,3,1.4591479170272448,8,0.0,False,0.0,Normal,57
6091,8,8.0,203.0,128.0,2,3,1.0,8,-4.0,False,0.0,Normal,57
6118,56,56.0,123.21428571428571,75.17995417798605,3,11,1.4315602842833157,32,48.0,False,0.0,Normal,57
6120,20,20.0,94.3,17.966914036639682,3,5,1.3609640474436813,8,-36.0,False,0.0,Normal,57
6121,48,48.0,87.5,17.658803281460873,3,12,1.206908425151817,36,28.0,False,0.0,Normal,57
6135,4,4.0,243.0,0.0,1,1,0.0,4,-44.0,False,0.0,Normal,57
6159,8,8.0,203.0,128.0,2,3,1.0,6,4.0,False,0.0,Normal,57
6227,12,12.0,165.0,117.79643458101778,2,4,1.0,10,4.0,False,0.0,Normal,57
6236,36,36.0,123.22222222222223,76.37884782491635,2,10,1.0,24,24.0,False,0.0,Normal,57
6237,56,56.0,108.67857142857143,24.69247076023171,2,15,1.0,18,20.0,False,0.0,Normal,57
6238,68,68.0,106.61764705882354,46.298275095478544,2,18,1.0,36,12.0,False,0.0,Normal,57
6251,2,2.0,80.0,0.0,1,1,0.0,2,-66.0,False,0.0,Normal,57
6269,4,4.0,84.0,8.0,2,2,1.0,4,2.0,False,0.0,Normal,57
6284,1,1.0,342.0,0.0,1,1,0.0,1,-3.0,False,0.0,Normal,57
6287,1,1.0,342.0,0.0,1,1,0.0,1,0.0,False,0.0,Normal,57
6290,1,1.0,342.0,0.0,1,1,0.0,1,0.0,False,0.0,Normal,57
6293,1,1.0,342.0,0.0,1,1,0.0,1,0.0,False,0.0,Normal,57
6298,40,40.0,100.55,24.858549837027905,3,9,1.3609640474436813,22,39.0,False,0.0,Normal,57
6299,24,24.0,110.91666666666667,26.291501584267788,3,5,1.4591479170272448,12,-16.0,False,0.0,Normal,57
6300,116,116.0,99.55172413793103,27.457912881098025,3,21,1.4467855508270953,50,92.0,True,290.0,Critical,36
6301,1,1.0,342.0,0.0,1,1,0.0,1,-115.0,False,0.0,Normal,57
6320,1,1.0,342.0,0.0,1,1,0.0,1,0.0,False,0.0,Normal,57
6326,12,12.0,113.83333333333333,32.91613923628077,2,4,1.0,10,11.0,False,0.0,Normal,57
6327,16,16.0,114.5,27.41805974171039,2,5,1.0,12,4.0,False,0.0,Normal,57
6329,29,29.0,127.65517241379311,67.60548634238913,3,9,1.1819141738305752,22,13.0,False,0.0,Normal,57
6331,1,1.0,342.0,0.0,1,1,0.0,1,-28.0,False,0.0,Normal,57
6340,1,1.0,342.0,0.0,1,1,0.0,1,0.0,False,0.0,Normal,57
6353,1,1.0,342.0,0.0,1,1,0.0,1,0.0,False,0.0,Normal,57
6366,1,1.0,342.0,0.0,1,1,0.0,1,0.0,False,0.0,Normal,57
6371,4,4.0,90.0,0.0,2,2,1.0,4,3.0,False,0.0,Normal,57
6374,1,1.0,342.0,0.0,1,1,0.0,1,-3.0,False,0.0,Normal,57
6377,1,1.0,342.0,0.0,1,1,0.0,1,0.0,False,0.0,Normal,57
6383,1,1.0,342.0,0.0,1,1,0.0,1,0.0,False,0.0,Normal,57
6396,1,1.0,342.0,0.0,1,1,0.0,1,0.0,False,0.0,Normal,57
6417,1,1.0,342.0,0.0,1,1,0.0,1,0.0,False,0.0,Normal,57
6419,1,1.0,342.0,0.0,1,1,0.0,1,0.0,False,0.0,Normal,57
6422,1,1.0,342.0,0.0,1,1,0.0,1,0.0,False,0.0,Normal,57
6427,1,1.0,342.0,0.0,1,1,0.0,1,0.0,False,0.0,Normal,57
6436,1,1.0,342.0,0.0,1,1,0.0,1,0.0,False,0.0,Normal,57
6440,10,10.0,75.2,13.717142559585797,1,2,0.0,10,9.0,False,0.0,Normal,57
6441,10,10.0,75.2,13.717142559585797,1,2,0.0,6,0.0,False,0.0,Normal,57
6442,4,4.0,92.0,0.0,1,1,0.0,4,-6.0,False,0.0,Normal,57
6454,1,1.0,342.0,0.0,1,1,0.0,1,-3.0,False,0.0,Normal,57
6462,4,4.0,112.5,27.5,2,2,1.0,2,3.0,False,0.0,Normal,57
6464,1,1.0,342.0,0.0,1,1,0.0,1,-3.0,False,0.0,Normal,57
6478,16,16.0,91.75,15.626499928006911,3,4,1.4056390622295665,16,15.0,False,0.0,Normal,57
6479,32,32.0,104.375,23.790426120605744,3,7,1.4056390622295665,14,16.0,False,0.0,Normal,57
6480,44,44.0,94.95454545454545,20.055553011861086,3,11,1.2197484934607565,22,12.0,False,0.0,Normal,57
6538,16,16.0,121.625,42.28160799922349,3,2,1.4056390622295665,14,-28.0,False,0.0,Normal,57
6560,64,64.0,99.59375,24.9347390388891,2,16,0.9971803988942642,22,48.0,False,0.0,Normal,57
6561,154,154.0,104.92207792207792,29.763468514605318,2,40,0.9998783322990061,50,90.0,True,385.0,Critical,18
6562,38,38.0,92.15789473684211,22.20067129827796,2,11,0.9980008838722996,24,-116.0,False,0.0,Normal,57
6564,8,8.0,108.5,32.13642792844283,2,3,1.0,6,-30.0,False,0.0,Normal,57
6565,8,8.0,108.5,32.13642792844283,2,3,1.0,6,0.0,False,0.0,Normal,57
6580,8,8.0,108.5,32.13642792844283,2,3,1.0,6,0.0,False,0.0,Normal,57
6594,4,4.0,109.0,35.0,2,2,1.0,4,-4.0,False,0.0,Normal,57
6600,4,4.0,157.5,66.5,2,2,1.0,2,0.0,False,0.0,Normal,57
6639,6,6.0,166.0,1.0,1,1,0.0,6,2.0,False,0.0,Normal,57
6642,6,6.0,166.0,1.0,1,1,0.0,6,0.0,False,0.0,Normal,57
6645,6,6.0,166.0,1.0,1,1,0.0,6,0.0,False,0.0,Normal,57
6658,20,20.0,104.0,23.97498696558561,3,5,1.3609640474436813,14,14.0,False,0.0,Normal,57
6659,36,36.0,109.44444444444444,25.51083042818878,3,8,1.3821022532543101,14,16.0,False,0.0,Normal,57
6660,112,112.0,96.46428571428571,22.569704952272925,3,28,1.111142415342844,50,76.0,True,280.0,Critical,38
6670,4,4.0,112.0,27.0,2,2,1.0,4,-108.0,False,0.0,Normal,57
6681,8,8.0,120.5,33.5,3,2,1.5,6,4.0,False,0.0,Normal,57
6715,10,10.0,76.4,12.737346662472525,1,2,0.0,7,2.0,False,0.0,Normal,57
6716,8,8.0,92.0,0.0,1,1,0.0,4,-2.0,False,0.0,Normal,57
6764,1,1.0,342.0,0.0,1,1,0.0,1,-7.0,False,0.0,Normal,57
6767,1,1.0,342.0,0.0,1,1,0.0,1,0.0,False,0.0,Normal,57
6770,1,1.0,342.0,0.0,1,1,0.0,1,0.0,False,0.0,Normal,57
6776,1,1.0,342.0,0.0,1,1,0.0,1,0.0,False,0.0,Normal,57
6787,1,1.0,342.0,0.0,1,1,0.0,1,0.0,False,0.0,Normal,57
6802,1,1.0,342.0,0.0,1,1,0.0,1,0.0,False,0.0,Normal,57
6809,2,2.0,342.0,0.0,1,1,0.0,1,1.0,False,0.0,Normal,57
6811,1,1.0,342.0,0.0,1,1,0.0,1,-1.0,False,0.0,Normal,57
6818,1,1.0,342.0,0.0,1,1,0.0,1,0.0,False,0.0,Normal,57
6823,3,3.0,183.0,0.0,1,1,0.0,3,2.0,False,0.0,Normal,57
6824,4,4.0,84.0,8.0,2,2,1.0,4,1.0,False,0.0,Normal,57
6830,1,1.0,342.0,0.0,1,1,0.0,1,-3.0,False,0.0,Normal,57
6838,4,4.0,81.0,8.0,2,2,1.0,4,3.0,False,0.0,Normal,57
6839,36,36.0,94.66666666666667,21.61789382278795,3,8,1.3821022532543101,10,32.0,False,0.0,Normal,57
6840,44,44.0,106.4090909090909,30.58766699015841,2,12,1.0,34,8.0,False,0.0,Normal,57
6841,76,76.0,104.94736842105263,50.66086799203475,2,20,1.0,54,32.0,True,190.0,High,50
6843,1,1.0,342.0,0.0,1,1,0.0,1,-75.0,False,0.0,Normal,57
6846,12,12.0,111.66666666666667,42.081930669693485,3,3,1.4591479170272448,12,11.0,False,0.0,Normal,57
6853,1,1.0,342.0,0.0,1,1,0.0,1,-11.0,False,0.0,Normal,57
6854,1,1.0,342.0,0.0,1,1,0.0,1,0.0,False,0.0,Normal,57
6856,16,16.0,99.0,17.60681686165901,3,4,1.4056390622295665,14,15.0,False,0.0,Normal,57
6857,1,1.0,342.0,0.0,1,1,0.0,1,-15.0,False,0.0,Normal,57
6858,4,4.0,243.0,0.0,1,1,0.0,4,3.0,False,0.0,Normal,57
6860,1,1.0,342.0,0.0,1,1,0.0,1,-3.0,False,0.0,Normal,57
6865,1,1.0,342.0,0.0,1,1,0.0,1,0.0,False,0.0,Normal,57
6871,12,12.0,101.33333333333333,32.00347203386255,3,3,1.4591479170272448,10,11.0,False,0.0,Normal,57
6874,1,1.0,342.0,0.0,1,1,0.0,1,-11.0,False,0.0,Normal,57
6884,50,50.0,114.76,44.81631845656222,2,13,0.9988455359952018,24,49.0,False,0.0,Normal,57
6885,30,30.0,107.46666666666667,41.98550014257568,3,9,1.5058231002082845,6,-20.0,False,0.0,Normal,57
6886,26,26.0,99.6923076923077,21.377143132811504,2,7,0.9957274520849255,12,-4.0,False,0.0,Normal,57
6887,3,3.0,184.0,111.72287142747452,2,2,0.9182958340544896,2,-23.0,False,0.0,Normal,57
6888,154,154.0,98.74025974025975,30.46454298284014,2,38,0.9989047442823606,38,151.0,True,385.0,Critical,18
6889,126,126.0,101.82539682539682,40.390372765599935,2,34,0.998363672593813,32,-28.0,True,315.0,Critical,31
6898,4,4.0,112.0,27.0,2,2,1.0,4,-122.0,False,0.0,Normal,57
6899,1,1.0,342.0,0.0,1,1,0.0,1,-3.0,False,0.0,Normal,57
6901,12,12.0,101.33333333333333,32.00347203386255,3,3,1.4591479170272448,10,11.0,False,0.0,Normal,57
6902,1,1.0,342.0,0.0,1,1,0.0,1,-11.0,False,0.0,Normal,57
6907,1,1.0,342.0,0.0,1,1,0.0,1,0.0,False,0.0,Normal,57
6913,1,1.0,342.0,0.0,1,1,0.0,1,0.0,False,0.0,Normal,57
6925,1,1.0,342.0,0.0,1,1,0.0,1,0.0,False,0.0,Normal,57
6933,1,1.0,342.0,0.0,1,1,0.0,1,0.0,False,0.0,Normal,57
6936,16,16.0,118.25,36.3687709443143,3,4,1.4056390622295665,14,15.0,False,0.0,Normal,57
6944,12,12.0,123.0,57.01754116059373,2,4,1.0,8,-4.0,False,0.0,Normal,57
6961,12,12.0,101.33333333333333,32.00347203386255,3,3,1.4591479170272448,10,0.0,False,0.0,Normal,57
6966,3,3.0,87.0,0.0,1,1,0.0,3,-9.0,False,0.0,Normal,57
7018,28,28.0,107.57142857142857,26.586017500381892,3,5,1.4926140680171256,28,25.0,False,0.0,Normal,57
7019,20,20.0,109.0,25.93067681338071,3,4,1.4854752972273344,16,-8.0,False,0.0,Normal,57
7020,44,44.0,102.0909090909091,24.55959188828284,2,12,1.0,18,24.0,False,0.0,Normal,57
7021,100,100.0,104.74,40.24813536053565,3,22,1.3171547773202832,36,56.0,False,0.0,Normal,57
7042,10,10.0,75.2,13.717142559585797,1,2,0.0,10,-90.0,False,0.0,Normal,57
7043,10,10.0,75.2,13.717142559585797,1,2,0.0,6,0.0,False,0.0,Normal,57
7044,4,4.0,92.0,0.0,1,1,0.0,4,-6.0,False,0.0,Normal,57
7128,4,4.0,92.0,8.0,2,2,1.0,4,0.0,False,0.0,Normal,57
7136,4,4.0,109.0,35.0,2,2,1.0,4,0.0,False,0.0,Normal,57
7138,16,16.0,121.625,42.28160799922349,3,2,1.4056390622295665,14,12.0,False,0.0,Normal,57
7146,4,4.0,118.0,38.0,2,2,1.0,2,-12.0,False,0.0,Normal,57
7198,28,28.0,108.57142857142857,25.86148345572257,3,7,1.2958363892911637,16,24.0,False,0.0,Normal,57
7199,24,24.0,108.58333333333333,25.626998567049473,2,7,1.0,12,-4.0,False,0.0,Normal,57
7200,134,134.0,94.56716417910448,24.43280390956988,3,31,1.1596470492439008,40,110.0,True,335.0,Critical,27
7201,86,86.0,106.79069767441861,45.13780354443021,3,23,1.1344959754516843,52,-48.0,True,215.0,High,47
7208,126,126.0,99.26984126984127,29.80796013276306,2,31,0.998363672593813,26,40.0,True,315.0,Critical,31
7209,98,98.0,112.14285714285714,40.71553882783349,2,26,0.9996995428565171,28,-28.0,False,0.0,Normal,57
7210,92,92.0,94.1304347826087,20.790475134847284,2,25,0.9986359641585718,20,-6.0,False,0.0,Normal,57
7244,1,1.0,342.0,0.0,1,1,0.0,1,-91.0,False,0.0,Normal,57
7247,1,1.0,342.0,0.0,1,1,0.0,1,0.0,False,0.0,Normal,57
7251,1,1.0,342.0,0.0,1,1,0.0,1,0.0,False,0.0,Normal,57
7257,1,1.0,342.0,0.0,1,1,0.0,1,0.0,False,0.0,Normal,57
7269,1,1.0,342.0,0.0,1,1,0.0,1,0.0,False,0.0,Normal,57
7280,1,1.0,342.0,0.0,1,1,0.0,1,0.0,False,0.0,Normal,57
7289,1,1.0,342.0,0.0,1,1,0.0,1,0.0,False,0.0,Normal,57
7292,1,1.0,342.0,0.0,1,1,0.0,1,0.0,False,0.0,Normal,57
7295,1,1.0,342.0,0.0,1,1,0.0,1,0.0,False,0.0,Normal,57
7298,1,1.0,342.0,0.0,1,1,0.0,1,0.0,False,0.0,Normal,57
7304,1,1.0,342.0,0.0,1,1,0.0,1,0.0,False,0.0,Normal,57
7320,3,3.0,160.0,0.0,1,1,0.0,3,2.0,False,0.0,Normal,57
7326,1,1.0,342.0,0.0,1,1,0.0,1,-2.0,False,0.0,Normal,57
7334,1,1.0,342.0,0.0,1,1,0.0,1,0.0,False,0.0,Normal,57
7337,1,1.0,342.0,0.0,1,1,0.0,1,0.0,False,0.0,Normal,57
7340,1,1.0,342.0,0.0,1,1,0.0,1,0.0,False,0.0,Normal,57
7346,1,1.0,342.0,0.0,1,1,0.0,1,0.0,False,0.0,Normal,57
7353,1,1.0,342.0,0.0,1,1,0.0,1,0.0,False,0.0,Normal,57
7361,2,2.0,451.0,0.0,1,1,0.0,2,1.0,False,0.0,Normal,57
7364,4,4.0,112.5,27.5,2,2,1.0,2,2.0,False,0.0,Normal,57
7365,1,1.0,342.0,0.0,1,1,0.0,1,-3.0,False,0.0,Normal,57
7378,90,90.0,102.08888888888889,36.49159551471923,3,16,1.3995812306460644,56,89.0,True,225.0,High,45
7379,59,59.0,116.88135593220339,49.77307309119168,4,15,1.539413681752076,16,-31.0,False,0.0,Normal,57
7381,76,76.0,98.34210526315789,26.429923547482346,2,20,1.0,24,17.0,False,0.0,Normal,57
7382,1,1.0,342.0,0.0,1,1,0.0,1,-75.0,False,0.0,Normal,57
7390,1,1.0,342.0,0.0,1,1,0.0,1,0.0,False,0.0,Normal,57
7405,24,24.0,93.91666666666667,14.625652881913416,2,7,1.0,12,23.0,False,0.0,Normal,57
7410,1,1.0,342.0,0.0,1,1,0.0,1,-23.0,False,0.0,Normal,57
7438,20,20.0,128.2,60.726929775841626,3,4,1.4854752972273344,12,19.0,False,0.0,Normal,57
7450,8,8.0,102.0,22.282279955157193,2,3,1.0,8,-12.0,False,0.0,Normal,57
7532,58,58.0,101.72413793103448,22.67141075531356,2,15,0.9991421039919088,26,50.0,False,0.0,Normal,57
7533,54,54.0,107.5925925925926,23.539186019564244,2,15,0.9990102708804813,18,-4.0,False,0.0,Normal,57
7534,100,100.0,104.8,38.822158621076184,2,26,1.0,20,46.0,False,0.0,Normal,57
7544,24,24.0,144.41666666666666,16.347570325756536,2,7,1.0,12,-76.0,False,0.0,Normal,57
7558,186,186.0,108.2258064516129,47.68199521161409,3,35,1.3874847848484904,66,162.0,True,465.0,Critical,8
7559,34,34.0,132.2941176470588,50.45762894091537,3,8,1.5656531116458186,14,-152.0,False,0.0,Normal,57
7560,126,126.0,101.85714285714286,25.54663158789292,3,25,1.34861040367936,70,92.0,True,315.0,Critical,31
7561,146,146.0,108.35616438356165,54.6524184786183,3,26,1.4739051560709049,76,20.0,True,365.0,Critical,22
7574,12,12.0,146.83333333333334,20.169421299471026,2,4,1.0,6,-134.0,False,0.0,Normal,57
7575,4,4.0,243.0,0.0,1,1,0.0,4,-8.0,False,0.0,Normal,57
7632,16,16.0,175.0,121.26005112979294,3,3,1.5,12,12.0,False,0.0,Normal,57
7637,32,32.0,93.6875,14.459939272002494,3,7,1.4056390622295665,16,16.0,False,0.0,Normal,57
7645,20,20.0,75.2,13.717142559585795,1,2,0.0,10,-12.0,False,0.0,Normal,57
7646,4,4.0,92.0,0.0,1,1,0.0,4,-16.0,False,0.0,Normal,57
7651,16,16.0,140.125,58.09569153560357,3,4,1.4056390622295665,8,12.0,False,0.0,Normal,57
7677,4,4.0,109.0,35.0,2,2,1.0,4,-12.0,False,0.0,Normal,57
7680,6,6.0,92.33333333333333,7.542472332656507,2,2,0.9182958340544896,6,2.0,False,0.0,Normal,57
7681,2,2.0,103.0,0.0,1,1,0.0,2,-4.0,False,0.0,Normal,57
7700,12,12.0,203.0,128.0,3,3,1.4591479170272448,6,10.0,False,0.0,Normal,57
7724,5,5.0,164.8,93.52946059932133,3,3,1.5219280948873621,5,-7.0,False,0.0,Normal,57
7727,1,1.0,342.0,0.0,1,1,0.0,1,-4.0,False,0.0,Normal,57
7732,1,1.0,342.0,0.0,1,1,0.0,1,0.0,False,0.0,Normal,57
7738,76,76.0,110.42105263157895,55.764840639273295,3,15,1.4157371940048646,28,75.0,False,0.0,Normal,57
7739,46,46.0,103.82608695652173,25.22361242602902,3,9,1.4029342381953893,20,-30.0,False,0.0,Normal,57
7740,58,58.0,94.37931034482759,22.021014717300112,3,13,1.4318873153407883,38,12.0,False,0.0,Normal,57
7742,1,1.0,342.0,0.0,1,1,0.0,1,-57.0,False,0.0,Normal,57
7750,12,12.0,98.66666666666667,19.35343782265971,3,3,1.4591479170272448,10,11.0,False,0.0,Normal,57
7752,1,1.0,342.0,0.0,1,1,0.0,1,-11.0,False,0.0,Normal,57
7760,8,8.0,102.0,22.282279955157193,2,3,1.0,8,7.0,False,0.0,Normal,57
7765,1,1.0,342.0,0.0,1,1,0.0,1,-7.0,False,0.0,Normal,57
7769,1,1.0,342.0,0.0,1,1,0.0,1,0.0,False,0.0,Normal,57
7772,1,1.0,342.0,0.0,1,1,0.0,1,0.0,False,0.0,Normal,57
7776,1,1.0,342.0,0.0,1,1,0.0,1,0.0,False,0.0,Normal,57
7785,1,1.0,342.0,0.0,1,1,0.0,1,0.0,False,0.0,Normal,57
7792,1,1.0,342.0,0.0,1,1,0.0,1,0.0,False,0.0,Normal,57
7802,1,1.0,342.0,0.0,1,1,0.0,1,0.0,False,0.0,Normal,57
7812,1,1.0,342.0,0.0,1,1,0.0,1,0.0,False,0.0,Normal,57
7814,1,1.0,342.0,0.0,1,1,0.0,1,0.0,False,0.0,Normal,57
7817,1,1.0,342.0,0.0,1,1,0.0,1,0.0,False,0.0,Normal,57
7820,1,1.0,342.0,0.0,1,1,0.0,1,0.0,False,0.0,Normal,57
7823,1,1.0,342.0,0.0,1,1,0.0,1,0.0,False,0.0,Normal,57
7830,1,1.0,342.0,0.0,1,1,0.0,1,0.0,False,0.0,Normal,57
7841,7,7.0,191.14285714285714,61.59412906027553,2,2,0.5916727785823275,6,6.0,False,0.0,Normal,57
7844,6,6.0,166.0,1.0,1,1,0.0,6,-1.0,False,0.0,Normal,57
7847,6,6.0,166.0,1.0,1,1,0.0,6,0.0,False,0.0,Normal,57
7856,1,1.0,342.0,0.0,1,1,0.0,1,-5.0,False,0.0,Normal,57
7859,1,1.0,342.0,0.0,1,1,0.0,1,0.0,False,0.0,Normal,57
7862,1,1.0,342.0,0.0,1,1,0.0,1,0.0,False,0.0,Normal,57
7870,1,1.0,342.0,0.0,1,1,0.0,1,0.0,False,0.0,Normal,57
7889,1,1.0,342.0,0.0,1,1,0.0,1,0.0,False,0.0,Normal,57
7949,4,4.0,84.0,8.0,2,2,1.0,2,3.0,False,0.0,Normal,57
7981,4,4.0,90.0,0.0,2,2,1.0,2,0.0,False,0.0,Normal,57
8204,1,1.0,342.0,0.0,1,1,0.0,1,-3.0,False,0.0,Normal,57
8206,1,1.0,342.0,0.0,1,1,0.0,1,0.0,False,0.0,Normal,57
8213,1,1.0,342.0,0.0,1,1,0.0,1,0.0,False,0.0,Normal,57
8219,4,4.0,109.0,35.0,2,2,1.0,4,3.0,False,0.0,Normal,57
8224,1,1.0,342.0,0.0,1,1,0.0,1,-3.0,False,0.0,Normal,57
8237,1,1.0,342.0,0.0,1,1,0.0,1,0.0,False,0.0,Normal,57
8247,16,16.0,71.0,12.12435565298214,1,2,0.0,10,15.0,False,0.0,Normal,57
8248,8,8.0,92.0,0.0,1,1,0.0,4,-8.0,False,0.0,Normal,57
8249,1,1.0,342.0,0.0,1,1,0.0,1,-7.0,False,0.0,Normal,57
8252,1,1.0,342.0,0.0,1,1,0.0,1,0.0,False,0.0,Normal,57
8258,1,1.0,342.0,0.0,1,1,0.0,1,0.0,False,0.0,Normal,57
8271,1,1.0,342.0,0.0,1,1,0.0,1,0.0,False,0.0,Normal,57
8284,1,1.0,342.0,0.0,1,1,0.0,1,0.0,False,0.0,Normal,57
8290,4,4.0,112.5,27.5,2,2,1.0,4,3.0,False,0.0,Normal,57
8294,1,1.0,342.0,0.0,1,1,0.0,1,-3.0,False,0.0,Normal,57
8296,5,5.0,262.8,39.6,2,2,0.7219280948873623,4,4.0,False,0.0,Normal,57
8304,1,1.0,342.0,0.0,1,1,0.0,1,-4.0,False,0.0,Normal,57
8322,1,1.0,342.0,0.0,1,1,0.0,1,0.0,False,0.0,Normal,57
8337,1,1.0,342.0,0.0,1,1,0.0,1,0.0,False,0.0,Normal,57
8339,1,1.0,342.0,0.0,1,1,0.0,1,0.0,False,0.0,Normal,57
8342,1,1.0,342.0,0.0,1,1,0.0,1,0.0,False,0.0,Normal,57
8349,1,1.0,342.0,0.0,1,1,0.0,1,0.0,False,0.0,Normal,57
8365,1,1.0,342.0,0.0,1,1,0.0,1,0.0,False,0.0,Normal,57
8383,1,1.0,342.0,0.0,1,1,0.0,1,0.0,False,0.0,Normal,57
8385,12,12.0,113.83333333333333,32.91613923628077,2,4,1.0,10,11.0,False,0.0,Normal,57
8419,4,4.0,90.0,0.0,2,2,1.0,2,-8.0,False,0.0,Normal,57
8519,4,4.0,84.0,8.0,2,2,1.0,2,0.0,False,0.0,Normal,57
8548,24,24.0,104.33333333333333,22.852182001336814,3,6,1.3250112108241772,16,20.0,False,0.0,Normal,57
8549,76,76.0,96.52631578947368,20.188241551777327,3,14,1.275082791127317,44,52.0,True,190.0,High,50
8550,128,128.0,100.8125,24.581417651347937,3,26,1.5141459249288385,64,52.0,True,320.0,Critical,30
8551,16,16.0,157.25,67.87442449111447,3,4,1.4056390622295665,10,-112.0,False,0.0,Normal,57
8560,8,8.0,112.0,27.0,3,2,1.5,6,-8.0,False,0.0,Normal,57
8670,12,12.0,105.33333333333333,24.417662095749918,3,3,1.4591479170272448,10,4.0,False,0.0,Normal,57
8684,1,1.0,342.0,0.0,1,1,0.0,1,-11.0,False,0.0,Normal,57
8687,1,1.0,342.0,0.0,1,1,0.0,1,0.0,False,0.0,Normal,57
8690,1,1.0,342.0,0.0,1,1,0.0,1,0.0,False,0.0,Normal,57
8700,1,1.0,342.0,0.0,1,1,0.0,1,0.0,False,0.0,Normal,57
8709,1,1.0,342.0,0.0,1,1,0.0,1,0.0,False,0.0,Normal,57
8726,1,1.0,342.0,0.0,1,1,0.0,1,0.0,False,0.0,Normal,57
8729,5,5.0,154.8,93.87310583974518,3,3,1.5219280948873621,3,4.0,False,0.0,Normal,57
8731,1,1.0,342.0,0.0,1,1,0.0,1,-4.0,False,0.0,Normal,57
8738,1,1.0,342.0,0.0,1,1,0.0,1,0.0,False,0.0,Normal,57
8748,1,1.0,342.0,0.0,1,1,0.0,1,0.0,False,0.0,Normal,57
8759,1,1.0,342.0,0.0,1,1,0.0,1,0.0,False,0.0,Normal,57
8761,4,4.0,109.0,35.0,2,2,1.0,4,3.0,False,0.0,Normal,57
8774,1,1.0,342.0,0.0,1,1,0.0,1,-3.0,False,0.0,Normal,57
8776,1,1.0,342.0,0.0,1,1,0.0,1,0.0,False,0.0,Normal,57
8780,1,1.0,342.0,0.0,1,1,0.0,1,0.0,False,0.0,Normal,57
8789,4,4.0,152.0,69.0,2,2,1.0,4,3.0,False,0.0,Normal,57
8790,1,1.0,342.0,0.0,1,1,0.0,1,-3.0,False,0.0,Normal,57
8804,1,1.0,342.0,0.0,1,1,0.0,1,0.0,False,0.0,Normal,57
8815,1,1.0,342.0,0.0,1,1,0.0,1,0.0,False,0.0,Normal,57
8819,1,1.0,342.0,0.0,1,1,0.0,1,0.0,False,0.0,Normal,57
8822,1,1.0,342.0,0.0,1,1,0.0,1,0.0,False,0.0,Normal,57
8828,1,1.0,342.0,0.0,1,1,0.0,1,0.0,False,0.0,Normal,57
8834,1,1.0,342.0,0.0,1,1,0.0,1,0.0,False,0.0,Normal,57
8838,8,8.0,120.5,33.5,3,2,1.5,6,7.0,False,0.0,Normal,57
8843,1,1.0,342.0,0.0,1,1,0.0,1,-7.0,False,0.0,Normal,57
8849,10,10.0,75.2,13.717142559585797,1,2,0.0,10,9.0,False,0.0,Normal,57
8850,10,10.0,75.2,13.717142559585797,1,2,0.0,6,0.0,False,0.0,Normal,57
8851,5,5.0,142.0,100.0,2,2,0.7219280948873623,4,-5.0,False,0.0,Normal,57
8862,1,1.0,342.0,0.0,1,1,0.0,1,-4.0,False,0.0,Normal,57
8877,2,2.0,70.0,0.0,1,1,0.0,2,1.0,False,0.0,Normal,57
8878,2,2.0,85.0,0.0,1,1,0.0,2,0.0,False,0.0,Normal,57
8879,30,30.0,113.66666666666667,30.203016773531452,3,7,1.4294732983598406,14,28.0,False,0.0,Normal,57
8881,48,48.0,105.45833333333333,30.57365310015944,3,10,1.4056390622295665,32,18.0,False,0.0,Normal,57
9014,4,4.0,243.0,0.0,1,1,0.0,4,-44.0,False,0.0,Normal,57
9043,6,6.0,166.0,1.0,1,1,0.0,6,2.0,False,0.0,Normal,57
9046,6,6.0,166.0,1.0,1,1,0.0,6,0.0,False,0.0,Normal,57
9049,6,6.0,166.0,1.0,1,1,0.0,6,0.0,False,0.0,Normal,57
9074,4,4.0,84.0,8.0,2,2,1.0,2,-2.0,False,0.0,Normal,57
9119,4,4.0,84.0,8.0,2,2,1.0,2,0.0,False,0.0,Normal,57
9164,1,1.0,342.0,0.0,1,1,0.0,1,-3.0,False,0.0,Normal,57
9167,1,1.0,342.0,0.0,1,1,0.0,1,0.0,False,0.0,Normal,57
9173,1,1.0,342.0,0.0,1,1,0.0,1,0.0,False,0.0,Normal,57
9181,1,1.0,342.0,0.0,1,1,0.0,1,0.0,False,0.0,Normal,57
9194,1,1.0,342.0,0.0,1,1,0.0,1,0.0,False,0.0,Normal,57
9209,1,1.0,342.0,0.0,1,1,0.0,1,0.0,False,0.0,Normal,57
9211,1,1.0,342.0,0.0,1,1,0.0,1,0.0,False,0.0,Normal,57
9219,4,4.0,112.5,27.5,2,2,1.0,4,3.0,False,0.0,Normal,57
9220,1,1.0,342.0,0.0,1,1,0.0,1,-3.0,False,0.0,Normal,57
9236,1,1.0,342.0,0.0,1,1,0.0,1,0.0,False,0.0,Normal,57
9238,16,16.0,121.625,42.28160799922349,3,2,1.4056390622295665,14,15.0,False,0.0,Normal,57
9239,8,8.0,136.25,53.176004927034526,2,2,1.0,8,-8.0,False,0.0,Normal,57
9241,24,24.0,107.91666666666667,39.46825376876402,2,2,1.0,24,16.0,False,0.0,Normal,57
9249,1,1.0,342.0,0.0,1,1,0.0,1,-23.0,False,0.0,Normal,57
9254,1,1.0,342.0,0.0,1,1,0.0,1,0.0,False,0.0,Normal,57
9256,4,4.0,109.0,35.0,2,2,1.0,4,3.0,False,0.0,Normal,57
9257,1,1.0,342.0,0.0,1,1,0.0,1,-3.0,False,0.0,Normal,57
9260,1,1.0,342.0,0.0,1,1,0.0,1,0.0,False,0.0,Normal,57
9266,1,1.0,342.0,0.0,1,1,0.0,1,0.0,False,0.0,Normal,57
9279,1,1.0,342.0,0.0,1,1,0.0,1,0.0,False,0.0,Normal,57
9290,1,1.0,342.0,0.0,1,1,0.0,1,0.0,False,0.0,Normal,57
9294,12,12.0,150.66666666666666,63.83746722906715,3,2,1.4591479170272448,6,11.0,False,0.0,Normal,57
9299,1,1.0,342.0,0.0,1,1,0.0,1,-11.0,False,0.0,Normal,57
9301,1,1.0,342.0,0.0,1,1,0.0,1,0.0,False,0.0,Normal,57
9302,4,4.0,109.0,35.0,2,2,1.0,4,3.0,False,0.0,Normal,57
9310,1,1.0,342.0,0.0,1,1,0.0,1,-3.0,False,0.0,Normal,57
9325,1,1.0,342.0,0.0,1,1,0.0,1,0.0,False,0.0,Normal,57
9337,1,1.0,342.0,0.0,1,1,0.0,1,0.0,False,0.0,Normal,57
9358,48,48.0,110.66666666666667,36.50532685634918,3,9,1.4591479170272448,38,47.0,False,0.0,Normal,57
9359,36,36.0,126.94444444444444,53.26607448797053,3,8,1.3821022532543101,24,-12.0,False,0.0,Normal,57
9360,32,32.0,101.875,22.46072961860322,3,8,1.271782221599798,20,-4.0,False,0.0,Normal,57
9361,142,142.0,106.01408450704226,43.09880327665935,3,33,1.2078853229682496,34,110.0,True,355.0,Critical,24
9362,2,2.0,131.0,0.0,1,1,0.0,2,-140.0,False,0.0,Normal,57
9367,12,12.0,111.66666666666667,42.081930669693485,3,3,1.4591479170272448,6,10.0,False,0.0,Normal,57
9371,8,8.0,112.0,27.0,3,2,1.5,6,-4.0,False,0.0,Normal,57
9377,12,12.0,101.33333333333333,32.00347203386255,3,3,1.4591479170272448,12,4.0,False,0.0,Normal,57
9392,12,12.0,101.33333333333333,32.00347203386255,3,3,1.4591479170272448,10,0.0,False,0.0,Normal,57
9410,16,16.0,98.0,11.789826122551595,3,4,1.4056390622295665,12,4.0,False,0.0,Normal,57
9418,36,36.0,143.61111111111111,72.00473664117821,3,7,1.4591479170272448,12,20.0,False,0.0,Normal,57
9422,12,12.0,101.33333333333333,32.00347203386255,3,3,1.4591479170272448,8,-24.0,False,0.0,Normal,57
9452,20,20.0,75.2,13.717142559585795,1,2,0.0,10,8.0,False,0.0,Normal,57
9453,4,4.0,92.0,0.0,1,1,0.0,4,-16.0,False,0.0,Normal,57
9482,20,20.0,98.8,25.49039034616771,4,4,1.9709505944546688,10,16.0,False,0.0,Normal,57
9512,6,6.0,202.5,139.5,2,3,0.6500224216483541,3,-14.0,False,0.0,Normal,57
9513,3,3.0,63.0,0.0,1,1,0.0,3,-3.0,False,0.0,Normal,57
9601,12,12.0,106.0,25.748786379167466,2,4,1.0,10,9.0,False,0.0,Normal,57
9644,1,1.0,342.0,0.0,1,1,0.0,1,-11.0,False,0.0,Normal,57
9647,1,1.0,342.0,0.0,1,1,0.0,1,0.0,False,0.0,Normal,57
9653,1,1.0,342.0,0.0,1,1,0.0,1,0.0,False,0.0,Normal,57
9659,12,12.0,102.33333333333333,18.99707579836668,3,3,1.4591479170272448,10,11.0,False,0.0,Normal,57
9669,1,1.0,342.0,0.0,1,1,0.0,1,-11.0,False,0.0,Normal,57
9684,1,1.0,342.0,0.0,1,1,0.0,1,0.0,False,0.0,Normal,57
9689,1,1.0,342.0,0.0,1,1,0.0,1,0.0,False,0.0,Normal,57
9692,1,1.0,342.0,0.0,1,1,0.0,1,0.0,False,0.0,Normal,57
9700,1,1.0,342.0,0.0,1,1,0.0,1,0.0,False,0.0,Normal,57
9712,1,1.0,342.0,0.0,1,1,0.0,1,0.0,False,0.0,Normal,57
9732,1,1.0,342.0,0.0,1,1,0.0,1,0.0,False,0.0,Normal,57
9733,4,4.0,243.0,0.0,1,1,0.0,4,3.0,False,0.0,Normal,57
9734,1,1.0,342.0,0.0,1,1,0.0,1,-3.0,False,0.0,Normal,57
9736,1,1.0,342.0,0.0,1,1,0.0,1,0.0,False,0.0,Normal,57
9740,2,2.0,60.0,0.0,1,1,0.0,2,1.0,False,0.0,Normal,57
9743,1,1.0,342.0,0.0,1,1,0.0,1,-1.0,False,0.0,Normal,57
9759,1,1.0,342.0,0.0,1,1,0.0,1,0.0,False,0.0,Normal,57
9767,1,1.0,342.0,0.0,1,1,0.0,1,0.0,False,0.0,Normal,57
9779,1,1.0,342.0,0.0,1,1,0.0,1,0.0,False,0.0,Normal,57
9782,1,1.0,342.0,0.0,1,1,0.0,1,0.0,False,0.0,Normal,57
9784,1,1.0,342.0,0.0,1,1,0.0,1,0.0,False,0.0,Normal,57
9789,1,1.0,342.0,0.0,1,1,0.0,1,0.0,False,0.0,Normal,57
9798,4,4.0,109.0,35.0,2,2,1.0,4,3.0,False,0.0,Normal,57
9799,1,1.0,342.0,0.0,1,1,0.0,1,-3.0,False,0.0,Normal,57
9813,1,1.0,342.0,0.0,1,1,0.0,1,0.0,False,0.0,Normal,57
9821,1,1.0,342.0,0.0,1,1,0.0,1,0.0,False,0.0,Normal,57
9844,4,4.0,109.0,35.0,2,2,1.0,4,3.0,False,0.0,Normal,57
9875,8,8.0,120.5,33.5,3,2,1.5,6,4.0,False,0.0,Normal,57
9914,4,4.0,84.0,8.0,2,2,1.0,4,-4.0,False,0.0,Normal,57
